				Audit Name	Audit Name	Audit Name	Audit Name
Sr Exec	Eng Manager	Service Name	Service Tier	# Replicas	AZ Distrib	HPA	Liveness Probe
Ariel Kelman	Ariel Kelman	identity-integration-service	1	0%	100%	0%	
Ariel Kelman	Ariel Kelman	trailblazer-profile-service	1	2%	100%	0%	
Brad Arkin	Aasia Haque	tip-usdl-iceberg-rest-proxy	1	0%	100%	0%	100%
Brad Arkin	Brad Arkin	wave-service	1	95%	74%	49%	0%
Darryn Dieken	Alsontra Daniels	athenadnsplatform	1	100%	0%	100%	100%
Darryn Dieken	Alsontra Daniels	r53proxy	1	98%	60%	0%	66%
Darryn Dieken	Dilip Pai	argo-rollout	1	97%	40%	46%	99%
Darryn Dieken	Dilip Pai	firefly	1	100%	0%	0%	100%
Darryn Dieken	Dilip Pai	firefly-changemgmt	1	95%	100%	0%	100%
Darryn Dieken	Dilip Pai	firefly-intake	1	0%	100%	0%	99%
Darryn Dieken	Dilip Pai	firefly-istio	1	100%	50%	100%	0%
Darryn Dieken	Dilip Pai	firefly-istio-operator	1	100%	100%	0%	0%
Darryn Dieken	Dilip Pai	firefly-package	1	51%	86%	0%	94%
Darryn Dieken	Dilip Pai	firefly-promotion	1	95%	98%	0%	100%
Darryn Dieken	Dilip Pai	firefly-pullrequest	1	98%	90%	0%	100%
Darryn Dieken	Dilip Pai	fre	1	97%	72%	0%	78%
Darryn Dieken	Dilip Pai	macha-api	1	95%	100%	0%	98%
Darryn Dieken	Dilip Pai	rossapi	1	80%	89%	0%	59%
Darryn Dieken	Dilip Pai	rossapi-istio	1	98%	83%	66%	0%
Darryn Dieken	Dilip Pai	rossexec	1	85%	87%	0%	62%
Darryn Dieken	Dilip Pai	rosssal	1	80%	89%	0%	60%
Darryn Dieken	Dilip Pai	sc-api	1	74%	11%	0%	0%
Darryn Dieken	Dilip Pai	sfcd-echovmf	1	90%	95%	0%	0%
Darryn Dieken	Dilip Pai	sfcd-workflow-api	1	47%	87%	50%	49%
Darryn Dieken	Dilip Pai	sfcdpgaas	1	43%	91%	0%	96%
Darryn Dieken	Dilip Pai	sfcdplatform	1	68%	93%	0%	47%
Darryn Dieken	Dilip Pai	spinnaker	1	96%	78%	20%	81%
Darryn Dieken	Doug McCulloch	temporalfrontend	0	97%	55%	99%	99%
Darryn Dieken	Doug McCulloch	temporalhistory	0	97%	75%	99%	100%
Darryn Dieken	Doug McCulloch	temporalmatching	0	97%	83%	99%	100%
Darryn Dieken	Doug McCulloch	temporalui	0	98%	83%	99%	0%
Darryn Dieken	Doug McCulloch	temporalworker	0	98%	77%	99%	0%
Darryn Dieken	Edward Faulds	cr-reputation-risk-scoring	1	98%	2%	100%	100%
Darryn Dieken	Edward Faulds	crmetadata	1	0%	100%	100%	100%
Darryn Dieken	Edward Faulds	crtrust-rules-engine	1	0%	100%	100%	97%
Darryn Dieken	Edward Faulds	release-signals-bus	1	49%	100%	100%	100%
Darryn Dieken	Edward Faulds	synesis	0	0%	100%	95%	21%
Darryn Dieken	Garrett Lynch	ajnaendpoint	1	97%	99%	1%	99%
Darryn Dieken	Garrett Lynch	ajnakafka	1	81%	86%	9%	59%
Darryn Dieken	Garrett Lynch	ajnalionsgate	1	97%	0%	0%	100%
Darryn Dieken	Garrett Lynch	ajnamirus	1	94%	3%	63%	
Darryn Dieken	Garrett Lynch	ajnatopicapi	1	98%	96%	0%	99%
Darryn Dieken	Kurt Brown	flowsnake-impersonation-proxy	1	98%	100%	0%	99%
Darryn Dieken	Kurt Brown	flowsnake-spark-operator	1	97%	83%	13%	66%
Darryn Dieken	Kurt Brown	sf-spark-scheduler	1	0%	100%	0%	0%
Darryn Dieken	Kwesi Ames	codegenie-for-support	1	51%	50%	98%	95%
Darryn Dieken	Mark Biersack	fastbom-access-management	1	0%	100%	0%	100%
Darryn Dieken	Mark Biersack	fire-bom-derivation	1	60%	80%	0%	99%
Darryn Dieken	Mark Biersack	fmapids	1	96%	56%	11%	100%
Darryn Dieken	Mark Biersack	fmapigw	1	93%	80%	100%	100%
Darryn Dieken	Mark Biersack	hyperapprovals	1	83%	69%	82%	100%
Darryn Dieken	Mark Biersack	pcs	1	91%	87%	0%	67%
Darryn Dieken	Mark Biersack	pcs-arc	1	0%	100%	0%	97%
Darryn Dieken	Mark Biersack	pcs-autohydrator	1	0%	100%	0%	99%
Darryn Dieken	Mark Biersack	pcs-gumberoo	1	0%	100%	0%	97%
Darryn Dieken	Mark Biersack	pcs-hogs	1	72%	100%	0%	74%
Darryn Dieken	Mark Biersack	pcs-majordomo	1	0%	100%	0%	99%
Darryn Dieken	Mark Biersack	pcs-majordomo-operator	1	0%	100%	0%	98%
Darryn Dieken	Mark Biersack	pcs-misr	1	92%	100%	99%	100%
Darryn Dieken	Mark Biersack	pcs-tool	1	24%	85%	98%	39%
Darryn Dieken	Mark Biersack	registry	1	97%	100%	0%	100%
Darryn Dieken	Mark Biersack	ssr-fmvf	1	95%	2%	100%	100%
Darryn Dieken	Mark Biersack	ssr-postprocessor	1	98%	0%	100%	100%
Darryn Dieken	Mark Biersack	ssrmgr	1	66%	100%	66%	100%
Darryn Dieken	Mark Biersack	terraform	1	64%	86%	1%	60%
Darryn Dieken	Nishant Gupta	odcr-services	1	51%	100%	100%	100%
Darryn Dieken	Rahul Newaskar	hbase	1	43%	86%	15%	52%
Darryn Dieken	Rahul Newaskar	orgstore-permissions	1	98%	88%	99%	100%
Darryn Dieken	Rahul Newaskar	orgstore-provisioner	1	98%	71%	99%	99%
Darryn Dieken	Sanjeev Lakshmanan	alert-webservice	1	98%	52%	0%	100%
Darryn Dieken	Sanjeev Lakshmanan	argus	1	96%	85%	0%	71%
Darryn Dieken	Sanjeev Lakshmanan	cloudwatchexporter	1	98%	68%	0%	100%
Darryn Dieken	Sanjeev Lakshmanan	collection	1	35%	92%	23%	95%
Darryn Dieken	Sanjeev Lakshmanan	collectioninjector	1	97%	90%	99%	99%
Darryn Dieken	Sanjeev Lakshmanan	critical-alerts-data-provider	1	0%	100%	0%	0%
Darryn Dieken	Sanjeev Lakshmanan	critical-metrics-updater	1	0%	100%	0%	0%
Darryn Dieken	Sanjeev Lakshmanan	druid-gateway	1	95%	100%	0%	100%
Darryn Dieken	Sanjeev Lakshmanan	event-alert-evaluator	1	0%	100%	0%	0%
Darryn Dieken	Sanjeev Lakshmanan	event-alert-scheduler	1	0%	100%	0%	0%
Darryn Dieken	Sanjeev Lakshmanan	faas-control-plane	1	99%	100%	0%	99%
Darryn Dieken	Sanjeev Lakshmanan	funnel	1	82%	65%	21%	99%
Darryn Dieken	Sanjeev Lakshmanan	funnel-rl	1	33%	71%	99%	99%
Darryn Dieken	Sanjeev Lakshmanan	funnelevents	1	50%	49%	99%	98%
Darryn Dieken	Sanjeev Lakshmanan	funnellogs	1	48%	50%	100%	99%
Darryn Dieken	Sanjeev Lakshmanan	kaiju	1	0%	100%	0%	0%
Darryn Dieken	Sanjeev Lakshmanan	mnm-configs	1	61%	68%	98%	98%
Darryn Dieken	Sanjeev Lakshmanan	mnm-emitter	1	64%	74%	99%	98%
Darryn Dieken	Sanjeev Lakshmanan	mnm-processor	1	80%	36%	100%	98%
Darryn Dieken	Sanjeev Lakshmanan	moncloud-api	1	73%	40%	98%	100%
Darryn Dieken	Sanjeev Lakshmanan	moncloud-events	1	92%	49%	0%	0%
Darryn Dieken	Sanjeev Lakshmanan	moncloud-gateway	1	96%	97%	98%	100%
Darryn Dieken	Sanjeev Lakshmanan	moncloud-grafana	1	96%	75%	100%	100%
Darryn Dieken	Sanjeev Lakshmanan	moncloud-streaming	1	98%	71%	0%	0%
Darryn Dieken	Sanjeev Lakshmanan	moncloud-ui	1	94%	97%	100%	100%
Darryn Dieken	Sanjeev Lakshmanan	monexapi	1	97%	100%	0%	72%
Darryn Dieken	Sanjeev Lakshmanan	public-funnel	1	77%	70%	20%	99%
Darryn Dieken	Sanjeev Lakshmanan	public-funnelevents	1	50%	47%	100%	97%
Darryn Dieken	Sanjeev Lakshmanan	public-funnellogs	1	31%	76%	100%	99%
Darryn Dieken	Sanjeev Lakshmanan	splunkmadeira	1	84%	89%	36%	47%
Darryn Dieken	Sanjeev Sahu	legacy-trust1-status	1	96%	75%	99%	99%
Darryn Dieken	Sanjeev Sahu	legacy-trust-admin-api	1	98%	50%	98%	100%
Darryn Dieken	Sanjeev Sahu	legacy-trust-site-ui	1	98%	73%	100%	99%
Darryn Dieken	Sanjeev Sahu	legacy-trust-status-api	1	98%	34%	100%	100%
Darryn Dieken	Sanjeev Sahu	trust-admin-ui	1	0%	100%	100%	97%
Darryn Dieken	Sanjeev Sahu	trust-status-api	1	95%	0%	100%	95%
Darryn Dieken	Sanjeev Sahu	trust-status-ui	1	95%	100%	100%	98%
Darryn Dieken	Sanjeev Sahu	trust-ui-shell	1	100%	0%	100%	100%
Darryn Dieken	Sanjeev Sahu	trust-user-service	1	95%	100%	95%	98%
Darryn Dieken	Shan Appajodu	amg-api	1	96%	0%	0%	100%
Darryn Dieken	Shan Appajodu	amg-data	1	99%	76%	0%	100%
Darryn Dieken	Shan Appajodu	amg-governance	1	95%	26%	0%	100%
Darryn Dieken	Shan Appajodu	amg-s2a-api	1	96%	26%	0%	100%
Darryn Dieken	Shan Appajodu	amg-topo-api	1	96%	40%	0%	100%
Darryn Dieken	Shan Appajodu	amg-versionvector-api	1	98%	0%	0%	100%
Darryn Dieken	Shan Appajodu	amg-workflow-api	1	96%	49%	0%	100%
Darryn Dieken	Shan Appajodu	ami-cleaner	1	0%	100%	0%	0%
Darryn Dieken	Shan Appajodu	ami-perms	1	0%	100%	0%	57%
Darryn Dieken	Shan Appajodu	ami-replicator	1	93%	69%	8%	0%
Darryn Dieken	Shan Appajodu	armada2-api	1	97%	51%	0%	99%
Darryn Dieken	Shan Appajodu	armada2-servicecrd	1	99%	34%	0%	99%
Darryn Dieken	Shan Appajodu	container-replicator	1	57%	82%	40%	0%
Darryn Dieken	Shan Appajodu	docker-sigs-replicator	1			49%	0%
Darryn Dieken	Shan Appajodu	dxgateway	1	95%	62%	99%	99%
Darryn Dieken	Shan Appajodu	ecr-perms	1	0%	100%	0%	0%
Darryn Dieken	Shan Appajodu	fcp-archive-replicator	1			49%	0%
Darryn Dieken	Shan Appajodu	fcp-unzip	1	98%	98%	0%	100%
Darryn Dieken	Shan Appajodu	fit-controller-service	1	95%	89%	0%	99%
Darryn Dieken	Shan Appajodu	fit-gdot-service	1	0%	100%	0%	98%
Darryn Dieken	Shan Appajodu	fit-org-service	1	0%	100%	0%	99%
Darryn Dieken	Shan Appajodu	fit-results-publisher	1	98%	97%	99%	99%
Darryn Dieken	Shan Appajodu	fit-test-twister	1	0%	100%	0%	49%
Darryn Dieken	Shan Appajodu	fun-sdk-api	1	96%	43%	100%	100%
Darryn Dieken	Shan Appajodu	helm-archive-replicator	1			49%	0%
Darryn Dieken	Shan Appajodu	helm-extractor	1	99%	99%	0%	0%
Darryn Dieken	Shan Appajodu	integration-test-service	1	0%	100%	0%	97%
Darryn Dieken	Shan Appajodu	nucleus-jobs	1	0%	100%	0%	0%
Darryn Dieken	Shan Appajodu	object-replicator	1			51%	0%
Darryn Dieken	Shan Appajodu	oracle-large-binaries	1	100%	100%	0%	100%
Darryn Dieken	Shan Appajodu	resultng	1	79%	66%	0%	37%
Darryn Dieken	Shan Appajodu	sfcd-awsbake	1	90%	82%	0%	73%
Darryn Dieken	Shan Appajodu	sfci-build-registry	1	98%	100%	100%	100%
Darryn Dieken	Shan Appajodu	sfci-gec	1	29%	95%	0%	68%
Darryn Dieken	Shan Appajodu	sfci-istio	1	100%	66%	33%	0%
Darryn Dieken	Shan Appajodu	sfci-release-master	1	4%	99%	0%	63%
Darryn Dieken	Shan Appajodu	sfci-releaseistio	1	98%	86%	49%	0%
Darryn Dieken	Shan Appajodu	sfci-team-master	1	6%	99%	0%	60%
Darryn Dieken	Shan Appajodu	signed-rpms-replicator	1	0%	100%	50%	0%
Darryn Dieken	Shan Appajodu	sonarqube	1	100%	100%	0%	71%
Darryn Dieken	Shan Appajodu	stargate	1	81%	93%	0%	72%
Darryn Dieken	Shan Appajodu	stargate-api	1	100%	0%	100%	100%
Darryn Dieken	Shan Appajodu	stargate-observer	1	0%	100%	0%	0%
Darryn Dieken	Shan Appajodu	stargate-replicator	1	100%	100%	100%	100%
Darryn Dieken	Shan Appajodu	terraform-latest-tar-updater	1	95%	98%	0%	0%
Darryn Dieken	Shan Appajodu	terraform-replicator	1			49%	0%
Darryn Dieken	Shan Appajodu	uipengsys-artifact-server	1	100%	99%	0%	0%
Darryn Dieken	Shan Appajodu	uipengsys-eks	1	100%	67%	0%	67%
Darryn Dieken	Shan Appajodu	uipengsys-internal-ingress-gw	1	100%	22%	100%	0%
Darryn Dieken	Shan Appajodu	uipengsys-istio	1	100%	40%	50%	0%
Darryn Dieken	Shan Appajodu	uipengsys-istio-ingress-gateway	1	100%	70%	100%	0%
Darryn Dieken	Shan Appajodu	uipengsys-queue-server	1	0%	100%	0%	0%
Darryn Dieken	Shan Appajodu	uipengsys-tekton	1	0%	100%	0%	75%
Darryn Dieken	Shan Appajodu	ump-controller	1	95%	80%	50%	71%
Darryn Dieken	Shan Appajodu	yum-updater	1	6%	100%	0%	0%
Jayesh Govindarajan	Armita Peymandoust	entities-predictor	1	98%	74%	98%	92%
Jayesh Govindarajan	Armita Peymandoust	evf-service	1	98%	96%	99%	100%
Jayesh Govindarajan	Armita Peymandoust	intent-predictor	1	98%	100%	0%	
Jayesh Govindarajan	Armita Peymandoust	normalization	1	98%	87%	0%	100%
Jayesh Govindarajan	Armita Peymandoust	polarity-predictor	1	98%	74%	98%	91%
Jayesh Govindarajan	Indira Iyer	ai-metadata-service	1	97%	62%	99%	100%
Jayesh Govindarajan	Indira Iyer	api-service	0	97%	72%	99%	100%
Jayesh Govindarajan	Indira Iyer	auth-service	0	97%	71%	99%	100%
Jayesh Govindarajan	Indira Iyer	bot-svc-llm	1	49%	63%	100%	99%
Jayesh Govindarajan	Indira Iyer	einstein-ai-gateway	1	97%	50%	99%	100%
Jayesh Govindarajan	Indira Iyer	graph-execution-service	1	94%	37%	98%	75%
Jayesh Govindarajan	Indira Iyer	modelstore	1	98%	78%	99%	99%
Jayesh Govindarajan	Indira Iyer	mvs	1	97%	66%	98%	99%
Jayesh Govindarajan	Indira Iyer	prediction	1	98%	24%	99%	99%
Jayesh Govindarajan	Indira Iyer	triton	1	34%	83%	0%	
Jayesh Govindarajan	Indira Iyer	vaultlite	0	97%	99%	0%	100%
Jayesh Govindarajan	Phil Mui	agent-svc-reasoner	1	98%	56%	99%	100%
Jayesh Govindarajan	Phil Mui	bot-svc-api	0	97%	27%	100%	46%
Jayesh Govindarajan	Phil Mui	bot-svc-auth	0	96%	76%	98%	100%
Jayesh Govindarajan	Phil Mui	bot-svc-engine	0	95%	70%	99%	100%
Jayesh Govindarajan	Phil Mui	bot-svc-llmagent	1	97%	64%	99%	89%
Jayesh Govindarajan	Phil Mui	bot-svc-worker	1	97%	28%	99%	45%
Jayesh Govindarajan	Phil Mui	scrt2-chatbot	1	98%	62%	100%	100%
Muralidhar Krishnaprasad	Ashley Dudgeon	scrt2-surveys	1	0%	100%	99%	99%
Muralidhar Krishnaprasad	Ashwin Kashyap	apiq-apiv1	1	95%	100%	0%	0%
Muralidhar Krishnaprasad	Ashwin Kashyap	apiq-gph-alrt-rls-usr-onbd-strm	1	100%	100%	0%	0%
Muralidhar Krishnaprasad	Ashwin Kashyap	sfmaps-gateway-falcon	1	98%	49%	100%	100%
Muralidhar Krishnaprasad	Ashwin Kashyap	sfmaps-geocoder	1	94%	95%	0%	
Muralidhar Krishnaprasad	Ashwin Kashyap	sfmaps-geocoding-falcon	1	98%	100%	100%	100%
Muralidhar Krishnaprasad	Ashwin Kashyap	sfmaps-gis-falcon	1	100%	50%	100%	100%
Muralidhar Krishnaprasad	Ashwin Kashyap	sfmaps-gisdbproxy-falcon	1	100%	100%	100%	100%
Muralidhar Krishnaprasad	Ashwin Kashyap	sfmaps-routing-falcon	1	99%	24%	99%	100%
Muralidhar Krishnaprasad	Ashwin Kashyap	sfmaps-territories	1	97%	25%	100%	100%
Muralidhar Krishnaprasad	Ashwin Kashyap	sfmaps-tokenizer	1	99%	100%	100%	100%
Muralidhar Krishnaprasad	Azeem Feroz	cc-cds	1	100%	100%	98%	100%
Muralidhar Krishnaprasad	Azeem Feroz	oci	1	97%	20%	100%	100%
Muralidhar Krishnaprasad	Benjamin Stice	managed-runtime-backend	1	73%	92%	99%	99%
Muralidhar Krishnaprasad	Bharath Krishnan	cce-byoc-poc-predictor	1	98%	91%	99%	99%
Muralidhar Krishnaprasad	Bharath Krishnan	p13n-decisioning-pipeline	1	97%	100%	99%	99%
Muralidhar Krishnaprasad	Bharath Krishnan	p13n-process-object-service	1	76%	96%	99%	99%
Muralidhar Krishnaprasad	Bharath Krishnan	p13n-recommendation-engine	1	98%	76%	99%	99%
Muralidhar Krishnaprasad	Bharath Krishnan	psp-index-manager	1	97%	90%	99%	99%
Muralidhar Krishnaprasad	Daniel Wilson	high-scale-flow	1	99%	61%	99%	99%
Muralidhar Krishnaprasad	Daniel Wilson	mj-approvals	1			100%	97%
Muralidhar Krishnaprasad	Daniel Wilson	mj-campaigns	1	98%	51%	98%	100%
Muralidhar Krishnaprasad	Daniel Wilson	mj-cloudpages	1			98%	99%
Muralidhar Krishnaprasad	Daniel Wilson	mj-cloudpages-jbevent	1	99%	100%	99%	99%
Muralidhar Krishnaprasad	Daniel Wilson	mj-cms-scpweb	1	96%	3%	99%	95%
Muralidhar Krishnaprasad	Daniel Wilson	mj-contacts-bumapping	1			100%	96%
Muralidhar Krishnaprasad	Daniel Wilson	mj-content-builder	1			99%	77%
Muralidhar Krishnaprasad	Daniel Wilson	mj-content-builder-admin	1			100%	100%
Muralidhar Krishnaprasad	Daniel Wilson	mj-homepage-ui	1	98%	21%	99%	100%
Muralidhar Krishnaprasad	Daniel Wilson	mj-interactive-content	1	99%	80%	100%	100%
Muralidhar Krishnaprasad	Daniel Wilson	mj-jblogstash	1	98%	35%	0%	100%
Muralidhar Krishnaprasad	Daniel Wilson	mj-mc-hub-app-ui	0	97%	61%	41%	100%
Muralidhar Krishnaprasad	Daniel Wilson	mj-spf	1	98%	61%	100%	100%
Muralidhar Krishnaprasad	Daniel Wilson	mj-tags	1			99%	99%
Muralidhar Krishnaprasad	Daniel Wilson	mj-user-content	1	99%	61%	100%	99%
Muralidhar Krishnaprasad	Harini Nallanchakrawarthy	tabcld-pulse-event-stream-service	1			99%	0%
Muralidhar Krishnaprasad	Harini Nallanchakrawarthy	tabcld-pulse-feature-flag-service	1			100%	0%
Muralidhar Krishnaprasad	Harini Nallanchakrawarthy	tabcld-pulse-image-service	1	97%	90%	99%	100%
Muralidhar Krishnaprasad	Harini Nallanchakrawarthy	tabcld-pulse-insights-service	1	98%	76%	99%	100%
Muralidhar Krishnaprasad	Harini Nallanchakrawarthy	tabcld-pulse-metric-query-service	1			99%	0%
Muralidhar Krishnaprasad	Harini Nallanchakrawarthy	tabcld-pulse-metric-subscription-service	1			99%	0%
Muralidhar Krishnaprasad	Harini Nallanchakrawarthy	tabcld-pulse-notification-service	1			99%	0%
Muralidhar Krishnaprasad	Harini Nallanchakrawarthy	tabcld-pulse-timeseries-service	1	75%	0%	99%	5%
Muralidhar Krishnaprasad	Harsimran Chabbewal	c2c-hf	1	96%	77%	97%	100%
Muralidhar Krishnaprasad	Harsimran Chabbewal	cafe	1	97%	61%	100%	100%
Muralidhar Krishnaprasad	Harsimran Chabbewal	caps	1	0%	100%	0%	95%
Muralidhar Krishnaprasad	Harsimran Chabbewal	eventbusruntime	1	97%	24%	98%	100%
Muralidhar Krishnaprasad	Harsimran Chabbewal	gidruntime	1	97%	35%	0%	97%
Muralidhar Krishnaprasad	Harsimran Chabbewal	identity-token-service	1	0%	100%	0%	95%
Muralidhar Krishnaprasad	Harsimran Chabbewal	vaas-verificationengine	0	59%	61%	99%	20%
Muralidhar Krishnaprasad	Jim Ostrognai	cdp-beacon-ingress-gateway	0	94%	95%	100%	0%
Muralidhar Krishnaprasad	Jim Ostrognai	cdp-beacon-istio	0	67%	92%	31%	30%
Muralidhar Krishnaprasad	Jim Ostrognai	cdp-eks	0	98%	76%	13%	69%
Muralidhar Krishnaprasad	Jim Ostrognai	cdp-infra	0	0%	100%	0%	0%
Muralidhar Krishnaprasad	Jim Ostrognai	cdp-internal-ingress-gateway	0	95%	89%	100%	0%
Muralidhar Krishnaprasad	Jim Ostrognai	cdp-istio	0	78%	89%	32%	19%
Muralidhar Krishnaprasad	Jim Ostrognai	cdp-istio-ingress-gateway	0	91%	94%	100%	0%
Muralidhar Krishnaprasad	Jim Ostrognai	cdp-keda	1	99%	100%	0%	99%
Muralidhar Krishnaprasad	Jim Ostrognai	cdp-pra-istio-ingress-gateway	0	98%	100%	100%	0%
Muralidhar Krishnaprasad	Jim Ostrognai	cdp-settingspath-injector	0	98%	100%	99%	99%
Muralidhar Krishnaprasad	Jong Lee	apiq-api-gateway	1	98%	100%	0%	100%
Muralidhar Krishnaprasad	Jong Lee	apiq-artemis	1	98%	98%	0%	100%
Muralidhar Krishnaprasad	Jong Lee	apiq-cass-activityassoc-shared	1	95%	98%	0%	
Muralidhar Krishnaprasad	Jong Lee	apiq-cass-activitymetrics-shared	1	95%	98%	0%	
Muralidhar Krishnaprasad	Jong Lee	apiq-cass-alrt-eap	1	98%	100%	0%	
Muralidhar Krishnaprasad	Jong Lee	apiq-cass-contactenrichment-shared	1	98%	100%	0%	
Muralidhar Krishnaprasad	Jong Lee	apiq-cass-e2e-shared	1	94%	98%	0%	
Muralidhar Krishnaprasad	Jong Lee	apiq-cass-eaas1-shared	1	98%	98%	0%	
Muralidhar Krishnaprasad	Jong Lee	apiq-cass-engmt-eap	1	95%	98%	0%	
Muralidhar Krishnaprasad	Jong Lee	apiq-cass-insights-shared	1	95%	98%	0%	
Muralidhar Krishnaprasad	Jong Lee	apiq-cass-mtrs-eap	1	99%	100%	0%	
Muralidhar Krishnaprasad	Jong Lee	apiq-cass-riq2-shared	1	100%	100%	0%	
Muralidhar Krishnaprasad	Jong Lee	apiq-cass-riq-shared	1	95%	100%	0%	
Muralidhar Krishnaprasad	Jong Lee	apiq-cass-sharedservices-shared	1	100%	100%	0%	
Muralidhar Krishnaprasad	Jong Lee	apiq-cass-sigparser-shared	1	98%	100%	0%	
Muralidhar Krishnaprasad	Jong Lee	apiq-cass-stmp-shared	1	95%	100%	0%	
Muralidhar Krishnaprasad	Jong Lee	apiq-cass-threading-shared	1	100%	100%	0%	
Muralidhar Krishnaprasad	Jong Lee	apiq-data-streamer-eap	1	98%	99%	0%	0%
Muralidhar Krishnaprasad	Jong Lee	apiq-data-streamer-shared	1	96%	98%	0%	0%
Muralidhar Krishnaprasad	Jong Lee	apiq-es-alrts-eap	1	97%	99%	0%	
Muralidhar Krishnaprasad	Jong Lee	apiq-es-engmt-eap	1	98%	99%	0%	
Muralidhar Krishnaprasad	Jong Lee	apiq-es-inbox-shared	1	97%	100%	0%	
Muralidhar Krishnaprasad	Jong Lee	apiq-es-timeline-shared	1	97%	99%	0%	
Muralidhar Krishnaprasad	Jong Lee	apiq-mongo-shared	1	100%	100%	0%	
Muralidhar Krishnaprasad	Jong Lee	apiq-schema-registry	1	98%	100%	0%	
Muralidhar Krishnaprasad	Jong Lee	apiq-storm-supervisor-eap	1	95%	0%	0%	0%
Muralidhar Krishnaprasad	Jong Lee	apiq-storm-supervisor-shared	1	94%	100%	0%	0%
Muralidhar Krishnaprasad	Jong Lee	apiq-zk-eap	1	98%	100%	0%	
Muralidhar Krishnaprasad	Jong Lee	apiq-zk-shared	1	98%	100%	0%	
Muralidhar Krishnaprasad	Jong Lee	apiq-zk-streamer-eap	1	98%	100%	0%	
Muralidhar Krishnaprasad	Jong Lee	apiq-zk-streamer-shared	1	97%	100%	0%	
Muralidhar Krishnaprasad	Meir Amiel	bundler-adapter-fedx	1	98%	67%	0%	100%
Muralidhar Krishnaprasad	Meir Amiel	bundler-avp-engine-fedx	1	98%	34%	0%	99%
Muralidhar Krishnaprasad	Meir Amiel	bundler-clustering-fedx	1	98%	44%	0%	99%
Muralidhar Krishnaprasad	Meir Amiel	bundler-manager-fedx	1	97%	92%	0%	99%
Muralidhar Krishnaprasad	Meir Amiel	e360-api-service	1	98%	47%	99%	100%
Muralidhar Krishnaprasad	Meir Amiel	e360-metadata-service	1	97%	59%	99%	100%
Muralidhar Krishnaprasad	Meir Amiel	e360-sms-service	1	98%	38%	99%	99%
Muralidhar Krishnaprasad	Meir Amiel	e360-tracking-service	1	98%	61%	100%	99%
Muralidhar Krishnaprasad	Meir Amiel	e360-whatsapp	1	97%	17%	99%	100%
Muralidhar Krishnaprasad	Meir Amiel	e360-whatsapp-receiver	1	97%	17%	99%	99%
Muralidhar Krishnaprasad	Meir Amiel	fwe-o2-engine	1	86%	65%	99%	0%
Muralidhar Krishnaprasad	Meir Amiel	fwe-o2-matrix	1	96%	82%	99%	0%
Muralidhar Krishnaprasad	Meir Amiel	fwe-o2-osrm-asia-pacific	1	98%	13%	0%	
Muralidhar Krishnaprasad	Meir Amiel	fwe-o2-osrm-aus-nz	1	98%	59%	0%	
Muralidhar Krishnaprasad	Meir Amiel	fwe-o2-osrm-china-japan	1	99%	22%	0%	
Muralidhar Krishnaprasad	Meir Amiel	fwe-o2-osrm-europe	1	98%	22%	0%	
Muralidhar Krishnaprasad	Meir Amiel	fwe-o2-osrm-india	1	98%	17%	0%	
Muralidhar Krishnaprasad	Meir Amiel	fwe-o2-osrm-middleeast-africa	1	99%	13%	0%	
Muralidhar Krishnaprasad	Meir Amiel	fwe-o2-osrm-north-america	1	98%	29%	0%	
Muralidhar Krishnaprasad	Meir Amiel	fwe-o2-osrm-south-america	1	88%	41%	0%	
Muralidhar Krishnaprasad	Meir Amiel	fwe-o2-s2pip	1	50%	91%	0%	
Muralidhar Krishnaprasad	Meir Amiel	scrt1lapp	0	97%	90%	0%	
Muralidhar Krishnaprasad	Meir Amiel	scrt1zk	0	97%	96%	0%	
Muralidhar Krishnaprasad	Meir Amiel	scrt2-agent	1	97%	14%	99%	99%
Muralidhar Krishnaprasad	Meir Amiel	scrt2-commongateway	0	98%	77%	0%	93%
Muralidhar Krishnaprasad	Meir Amiel	scrt2-controlplane	1	98%	9%	99%	99%
Muralidhar Krishnaprasad	Meir Amiel	scrt2-conversation	0	97%	17%	0%	100%
Muralidhar Krishnaprasad	Meir Amiel	scrt2-embeddedservice	1	98%	30%	99%	100%
Muralidhar Krishnaprasad	Meir Amiel	scrt2-eventrouter	0	98%	22%	99%	100%
Muralidhar Krishnaprasad	Meir Amiel	scrt2-iaalert	1	98%	23%	100%	100%
Muralidhar Krishnaprasad	Meir Amiel	scrt2-iamessage	1	98%	14%	99%	100%
Muralidhar Krishnaprasad	Meir Amiel	scrt2-interaction	1	98%	51%	0%	100%
Muralidhar Krishnaprasad	Meir Amiel	scrt2-livemessage	0	75%	71%	25%	98%
Muralidhar Krishnaprasad	Meir Amiel	scrt2-messagingchannels	0	99%	46%	99%	99%
Muralidhar Krishnaprasad	Meir Amiel	scrt2-mpadmin	0	98%	75%	0%	100%
Muralidhar Krishnaprasad	Meir Amiel	scrt2-persist	0	97%	26%	0%	
Muralidhar Krishnaprasad	Meir Amiel	scrt2-routing	1	97%	46%	99%	100%
Muralidhar Krishnaprasad	Meir Amiel	scrt2-singleton	0	98%	18%	99%	100%
Muralidhar Krishnaprasad	Meir Amiel	scrt2-telephony	1	97%	58%	99%	99%
Muralidhar Krishnaprasad	Meir Amiel	scrt2-transcripts	0	96%	29%	0%	100%
Muralidhar Krishnaprasad	Meir Amiel	sfs-eso-data-fetch	1	98%	81%	74%	99%
Muralidhar Krishnaprasad	Meir Amiel	sfs-eso-data-translate	1	98%	69%	75%	99%
Muralidhar Krishnaprasad	Meir Amiel	sfs-eso-data-update	1	98%	75%	74%	99%
Muralidhar Krishnaprasad	Meir Amiel	sfs-eso-orchestrator	1	98%	87%	74%	99%
Muralidhar Krishnaprasad	Meir Amiel	sfs-mobile-authentication	1	98%	100%	98%	100%
Muralidhar Krishnaprasad	Meir Amiel	sfs-mobile-cdc-eventing	1	49%	52%	99%	49%
Muralidhar Krishnaprasad	Meir Amiel	sfs-mobile-priming	1	49%	75%	99%	50%
Muralidhar Krishnaprasad	Meir Amiel	sfs-mobile-provisioning	1	96%	100%	95%	99%
Muralidhar Krishnaprasad	Meir Amiel	sfs-o2-decomposer	1	98%	88%	99%	100%
Muralidhar Krishnaprasad	Muralidhar Krishnaprasad	anypoint-flash-api-service	1	98%	100%	100%	100%
Muralidhar Krishnaprasad	Muralidhar Krishnaprasad	anypoint-flash-mule-message-processor-service	1	95%	95%	95%	100%
Muralidhar Krishnaprasad	Muralidhar Krishnaprasad	anypoint-flash-notification-processor-service	1	98%	100%	100%	100%
Muralidhar Krishnaprasad	Muralidhar Krishnaprasad	anypoint-flash-platform-messages-service	1	98%	98%	95%	100%
Muralidhar Krishnaprasad	Muralidhar Krishnaprasad	anypoint-mq-admin-service	1	98%	100%	100%	100%
Muralidhar Krishnaprasad	Muralidhar Krishnaprasad	anypoint-mq-msg-service	0	98%	100%	100%	100%
Muralidhar Krishnaprasad	Muralidhar Krishnaprasad	anypoint-mq-stats-service	1	95%	98%	100%	100%
Muralidhar Krishnaprasad	Muralidhar Krishnaprasad	anypoint-mq-ui	1	97%	100%	96%	100%
Muralidhar Krishnaprasad	Muralidhar Krishnaprasad	api-manager-asset-publication-service	1	95%	52%	98%	99%
Muralidhar Krishnaprasad	Muralidhar Krishnaprasad	api-manager-contract-caching-service	0	98%	100%	100%	100%
Muralidhar Krishnaprasad	Muralidhar Krishnaprasad	api-manager-platform-service	1	100%	100%	98%	100%
Muralidhar Krishnaprasad	Muralidhar Krishnaprasad	api-manager-platform-ui	1	95%	100%	100%	99%
Muralidhar Krishnaprasad	Muralidhar Krishnaprasad	api-manager-policies-runtime-service	0	99%	74%	99%	99%
Muralidhar Krishnaprasad	Muralidhar Krishnaprasad	api-manager-proxies-xapi-service	1	100%	100%	100%	100%
Muralidhar Krishnaprasad	Muralidhar Krishnaprasad	api-manager-proxy-builder-service	1	97%	100%	100%	100%
Muralidhar Krishnaprasad	Muralidhar Krishnaprasad	api-protection	1	97%	52%	99%	100%
Muralidhar Krishnaprasad	Muralidhar Krishnaprasad	arm-application-mgr-service	1	98%	100%	100%	100%
Muralidhar Krishnaprasad	Muralidhar Krishnaprasad	arm-mcm2-service	1	98%	52%	98%	100%
Muralidhar Krishnaprasad	Muralidhar Krishnaprasad	arm-ms-atlas-service	1	99%	100%	100%	100%
Muralidhar Krishnaprasad	Muralidhar Krishnaprasad	arm-ms-mcm-service	1	100%	100%	100%	100%
Muralidhar Krishnaprasad	Muralidhar Krishnaprasad	arm-standalone-manager-service	1	99%	25%	100%	100%
Muralidhar Krishnaprasad	Muralidhar Krishnaprasad	audit-log-consumer-service	1	96%	74%	99%	100%
Muralidhar Krishnaprasad	Muralidhar Krishnaprasad	audit-log-ingest-service	1	100%	100%	98%	100%
Muralidhar Krishnaprasad	Muralidhar Krishnaprasad	audit-log-query-service	1	99%	100%	100%	100%
Muralidhar Krishnaprasad	Muralidhar Krishnaprasad	b2b-solution-tracking-xapi	1	98%	100%	100%	100%
Muralidhar Krishnaprasad	Muralidhar Krishnaprasad	b2b-solution-ui	1	98%	51%	100%	99%
Muralidhar Krishnaprasad	Muralidhar Krishnaprasad	b2b-solution-xapi	1	100%	100%	100%	100%
Muralidhar Krishnaprasad	Muralidhar Krishnaprasad	deploy-webserver-anypoint	0	99%	50%	99%	99%
Muralidhar Krishnaprasad	Muralidhar Krishnaprasad	design-center-projects-service	1	98%	100%	98%	100%
Muralidhar Krishnaprasad	Muralidhar Krishnaprasad	ingestion-validation-sharding-job	1	98%	80%	100%	0%
Muralidhar Krishnaprasad	Muralidhar Krishnaprasad	managed-gateway-api-service	1	95%	52%	98%	99%
Muralidhar Krishnaprasad	Muralidhar Krishnaprasad	ms-ingestion-activities-service	1	100%	100%	100%	100%
Muralidhar Krishnaprasad	Muralidhar Krishnaprasad	ms-ingestion-activities-stream-processor-infra	1	98%	48%	0%	
Muralidhar Krishnaprasad	Muralidhar Krishnaprasad	ms-ingestion-flink-operator	1	97%	91%	0%	100%
Muralidhar Krishnaprasad	Muralidhar Krishnaprasad	ms-ingestion-logs-service	1	95%	98%	98%	100%
Muralidhar Krishnaprasad	Muralidhar Krishnaprasad	ms-ingestion-logs-stream-processor-infra	1	95%	0%	0%	
Muralidhar Krishnaprasad	Muralidhar Krishnaprasad	ms-ingestion-metrics-service	1	95%	100%	98%	100%
Muralidhar Krishnaprasad	Muralidhar Krishnaprasad	ms-ingestion-metrics-stream-processor-infra	1	95%	100%	0%	
Muralidhar Krishnaprasad	Muralidhar Krishnaprasad	ms-ingestion-traces-service	1	98%	100%	98%	100%
Muralidhar Krishnaprasad	Muralidhar Krishnaprasad	ms-ingestion-traces-stream-processor-infra	1	98%	100%	0%	
Muralidhar Krishnaprasad	Muralidhar Krishnaprasad	ms-secrets-manager-api	1	95%	98%	98%	100%
Muralidhar Krishnaprasad	Muralidhar Krishnaprasad	ms-secrets-manager-provider	1	98%	98%	100%	100%
Muralidhar Krishnaprasad	Muralidhar Krishnaprasad	ms-secrets-manager-vault	1	98%	100%	0%	
Muralidhar Krishnaprasad	Muralidhar Krishnaprasad	mulesoft-anypoint-signin	1	98%	50%	99%	98%
Muralidhar Krishnaprasad	Muralidhar Krishnaprasad	mulesoft-auth-server-ui	1	98%	100%	100%	100%
Muralidhar Krishnaprasad	Muralidhar Krishnaprasad	mulesoft-authentication-server	0	95%	96%	98%	100%
Muralidhar Krishnaprasad	Muralidhar Krishnaprasad	object-store-api-service	0	96%	100%	98%	100%
Muralidhar Krishnaprasad	Muralidhar Krishnaprasad	object-store-stats-service	1	98%	100%	98%	100%
Muralidhar Krishnaprasad	Muralidhar Krishnaprasad	op-common-config-service	1	95%	98%	98%	100%
Muralidhar Krishnaprasad	Muralidhar Krishnaprasad	rtf-management-api-service	1	95%	95%	100%	100%
Muralidhar Krishnaprasad	Muralidhar Krishnaprasad	rtf-management-jms-service	1	95%	98%	100%	100%
Muralidhar Krishnaprasad	Nick Hritsko	tabcld-backgrounder-bridge-extract	1			99%	0%
Muralidhar Krishnaprasad	Nick Hritsko	tabcld-backgrounder-extract-refresh	1			77%	0%
Muralidhar Krishnaprasad	Nick Hritsko	tabcld-hyper	1	68%	32%	1%	99%
Muralidhar Krishnaprasad	Nick Hritsko	tabcld-vizdata-service-http	1			99%	0%
Muralidhar Krishnaprasad	Nick Hritsko	tabcld-vizqlserver	1	94%	10%	12%	100%
Muralidhar Krishnaprasad	Nick Hritsko	tabhf-backgrounder-bridgeextract	1			0%	0%
Muralidhar Krishnaprasad	Nick Hritsko	tabhf-backgrounder-extract-refresh	1			0%	0%
Muralidhar Krishnaprasad	Nick Hritsko	tabhf-dataserver	1	98%	0%	100%	100%
Muralidhar Krishnaprasad	Nick Hritsko	tabhf-hyper-service	1	74%	24%	0%	99%
Muralidhar Krishnaprasad	Nick Hritsko	tabhf-published-connection	1			50%	0%
Muralidhar Krishnaprasad	Nick Hritsko	tabhf-query-gateway	1	100%	0%	51%	100%
Muralidhar Krishnaprasad	Nick Hritsko	tabhf-vizdata-service	1	98%	100%	100%	100%
Muralidhar Krishnaprasad	Nick Hritsko	tabhf-vizdata-service-haproxy	1	0%	100%	0%	98%
Muralidhar Krishnaprasad	Nischitha Thimmappa Gowda Sundaramma	e360-consent	1	97%	37%	99%	100%
Muralidhar Krishnaprasad	Nischitha Thimmappa Gowda Sundaramma	e360-email-service	1	97%	37%	96%	100%
Muralidhar Krishnaprasad	Nischitha Thimmappa Gowda Sundaramma	e360-sms-send-service	1	98%	43%	99%	99%
Muralidhar Krishnaprasad	Nischitha Thimmappa Gowda Sundaramma	hsdb-runtime	0	95%	50%	99%	100%
Muralidhar Krishnaprasad	Nischitha Thimmappa Gowda Sundaramma	mco-admin-tools	1	100%	100%	0%	0%
Muralidhar Krishnaprasad	Nischitha Thimmappa Gowda Sundaramma	mco-arm	1	95%	0%	0%	0%
Muralidhar Krishnaprasad	Nischitha Thimmappa Gowda Sundaramma	mco-cex	1	95%	5%	0%	0%
Muralidhar Krishnaprasad	Nischitha Thimmappa Gowda Sundaramma	mco-echos	1	100%	0%	0%	95%
Muralidhar Krishnaprasad	Nischitha Thimmappa Gowda Sundaramma	mco-ifxr	1	100%	100%	0%	0%
Muralidhar Krishnaprasad	Nischitha Thimmappa Gowda Sundaramma	mco-k8sag	1	100%	100%	0%	0%
Muralidhar Krishnaprasad	Nischitha Thimmappa Gowda Sundaramma	mco-kernel	1	100%	100%	0%	
Muralidhar Krishnaprasad	Nischitha Thimmappa Gowda Sundaramma	mco-logos	1	100%	0%	0%	0%
Muralidhar Krishnaprasad	Nischitha Thimmappa Gowda Sundaramma	mco-msg-t	1	100%	100%	0%	0%
Muralidhar Krishnaprasad	Nischitha Thimmappa Gowda Sundaramma	mco-oamzoo	1	95%	100%	0%	0%
Muralidhar Krishnaprasad	Nischitha Thimmappa Gowda Sundaramma	mco-orion	1	95%	100%	0%	
Muralidhar Krishnaprasad	Nischitha Thimmappa Gowda Sundaramma	mco-pusa	1	95%	95%	0%	0%
Muralidhar Krishnaprasad	Nischitha Thimmappa Gowda Sundaramma	mco-redis-m	1			0%	
Muralidhar Krishnaprasad	Nischitha Thimmappa Gowda Sundaramma	mco-redis-s	1			0%	
Muralidhar Krishnaprasad	Nischitha Thimmappa Gowda Sundaramma	mco-restgw	1	95%	100%	0%	0%
Muralidhar Krishnaprasad	Nischitha Thimmappa Gowda Sundaramma	mco-shark	1	0%	100%	0%	0%
Muralidhar Krishnaprasad	Nischitha Thimmappa Gowda Sundaramma	mco-slc	1	100%	100%	0%	0%
Muralidhar Krishnaprasad	Nischitha Thimmappa Gowda Sundaramma	mco-smog	1	95%	100%	0%	0%
Muralidhar Krishnaprasad	Nischitha Thimmappa Gowda Sundaramma	mco-smpp	1	100%	100%	0%	0%
Muralidhar Krishnaprasad	Nischitha Thimmappa Gowda Sundaramma	mco-spooler	1	100%	100%	0%	0%
Muralidhar Krishnaprasad	Nischitha Thimmappa Gowda Sundaramma	mco-vesag	1	95%	100%	0%	0%
Muralidhar Krishnaprasad	Nischitha Thimmappa Gowda Sundaramma	mco-zookeeper	1	95%	100%	0%	
Muralidhar Krishnaprasad	Nischitha Thimmappa Gowda Sundaramma	mj-ab-testing	1	98%	76%	99%	99%
Muralidhar Krishnaprasad	Nischitha Thimmappa Gowda Sundaramma	mj-analytics-db-service	1	97%	75%	100%	99%
Muralidhar Krishnaprasad	Nischitha Thimmappa Gowda Sundaramma	mj-analytics-provisioning-api	1	95%	99%	99%	100%
Muralidhar Krishnaprasad	Nischitha Thimmappa Gowda Sundaramma	mj-appframework-packages	1	97%	71%	99%	98%
Muralidhar Krishnaprasad	Nischitha Thimmappa Gowda Sundaramma	mj-as-group-connect	1	99%	75%	99%	100%
Muralidhar Krishnaprasad	Nischitha Thimmappa Gowda Sundaramma	mj-byok-ui	1	99%	49%	100%	100%
Muralidhar Krishnaprasad	Nischitha Thimmappa Gowda Sundaramma	mj-ciam-c2c	0	99%	50%	99%	98%
Muralidhar Krishnaprasad	Nischitha Thimmappa Gowda Sundaramma	mj-ciam-uilogin	0	95%	56%	0%	98%
Muralidhar Krishnaprasad	Nischitha Thimmappa Gowda Sundaramma	mj-config-service	1	97%	51%	99%	100%
Muralidhar Krishnaprasad	Nischitha Thimmappa Gowda Sundaramma	mj-datatier	1	97%	72%	0%	
Muralidhar Krishnaprasad	Nischitha Thimmappa Gowda Sundaramma	mj-device-previewer	1	96%	26%	98%	100%
Muralidhar Krishnaprasad	Nischitha Thimmappa Gowda Sundaramma	mj-email-admin	1	0%	100%	98%	98%
Muralidhar Krishnaprasad	Nischitha Thimmappa Gowda Sundaramma	mj-email-app	1	0%	100%	100%	98%
Muralidhar Krishnaprasad	Nischitha Thimmappa Gowda Sundaramma	mj-gdou-sync	1	0%	100%	99%	84%
Muralidhar Krishnaprasad	Nischitha Thimmappa Gowda Sundaramma	mj-group-connect	1	98%	75%	99%	99%
Muralidhar Krishnaprasad	Nischitha Thimmappa Gowda Sundaramma	mj-group-connect-admin	1	99%	51%	99%	100%
Muralidhar Krishnaprasad	Nischitha Thimmappa Gowda Sundaramma	mj-gus-service	1	98%	67%	98%	98%
Muralidhar Krishnaprasad	Nischitha Thimmappa Gowda Sundaramma	mj-hydration-offload-worker	1	96%	75%	100%	0%
Muralidhar Krishnaprasad	Nischitha Thimmappa Gowda Sundaramma	mj-hydration-s3-exporter	1	99%	75%	100%	0%
Muralidhar Krishnaprasad	Nischitha Thimmappa Gowda Sundaramma	mj-hydration-worker	1	98%	50%	100%	0%
Muralidhar Krishnaprasad	Nischitha Thimmappa Gowda Sundaramma	mj-jb-chat-messaging	1	95%	28%	97%	99%
Muralidhar Krishnaprasad	Nischitha Thimmappa Gowda Sundaramma	mj-jb-email-activity	1	0%	100%	100%	100%
Muralidhar Krishnaprasad	Nischitha Thimmappa Gowda Sundaramma	mj-jb-group-connect	1	98%	51%	99%	99%
Muralidhar Krishnaprasad	Nischitha Thimmappa Gowda Sundaramma	mj-jb-inapp-activity	1	96%	28%	98%	97%
Muralidhar Krishnaprasad	Nischitha Thimmappa Gowda Sundaramma	mj-jb-inbox-activity	1	100%	51%	99%	99%
Muralidhar Krishnaprasad	Nischitha Thimmappa Gowda Sundaramma	mj-jb-push-activity	1	99%	1%	98%	100%
Muralidhar Krishnaprasad	Nischitha Thimmappa Gowda Sundaramma	mj-jsgw-authmc	0	99%	80%	99%	100%
Muralidhar Krishnaprasad	Nischitha Thimmappa Gowda Sundaramma	mj-jsgw-authtse	0	96%	51%	99%	99%
Muralidhar Krishnaprasad	Nischitha Thimmappa Gowda Sundaramma	mj-jsgw-devicetse	0	96%	26%	99%	100%
Muralidhar Krishnaprasad	Nischitha Thimmappa Gowda Sundaramma	mj-jsgw-restmc	0	98%	41%	99%	99%
Muralidhar Krishnaprasad	Nischitha Thimmappa Gowda Sundaramma	mj-jsgw-resttse	0	94%	68%	99%	100%
Muralidhar Krishnaprasad	Nischitha Thimmappa Gowda Sundaramma	mj-jsonmessageblock	1	98%	41%	99%	98%
Muralidhar Krishnaprasad	Nischitha Thimmappa Gowda Sundaramma	mj-mccryptoservice	1	98%	51%	97%	99%
Muralidhar Krishnaprasad	Nischitha Thimmappa Gowda Sundaramma	mj-mobilepushui	1	99%	1%	99%	100%
Muralidhar Krishnaprasad	Nischitha Thimmappa Gowda Sundaramma	mj-msginbound-einfwdr	1	97%	51%	100%	0%
Muralidhar Krishnaprasad	Nischitha Thimmappa Gowda Sundaramma	mj-msginbound-ens-webhooks-ui	1			0%	98%
Muralidhar Krishnaprasad	Nischitha Thimmappa Gowda Sundaramma	mj-msginbound-webhooks	1	96%	97%	98%	0%
Muralidhar Krishnaprasad	Nischitha Thimmappa Gowda Sundaramma	mj-mta-inbound	1	88%	95%	0%	
Muralidhar Krishnaprasad	Nischitha Thimmappa Gowda Sundaramma	mj-mta-outbound	1	74%	56%	0%	
Muralidhar Krishnaprasad	Nischitha Thimmappa Gowda Sundaramma	mj-sms-jbmc	1			100%	99%
Muralidhar Krishnaprasad	Nischitha Thimmappa Gowda Sundaramma	mj-sms-mc	1	100%	0%	99%	100%
Muralidhar Krishnaprasad	Nischitha Thimmappa Gowda Sundaramma	mj-sms-mcfuel	1	100%	51%	100%	100%
Muralidhar Krishnaprasad	Nischitha Thimmappa Gowda Sundaramma	mj-srms-ui	1	97%	96%	0%	98%
Muralidhar Krishnaprasad	Nischitha Thimmappa Gowda Sundaramma	mj-whatsapp	1	99%	41%	100%	100%
Muralidhar Krishnaprasad	Nischitha Thimmappa Gowda Sundaramma	msg-devsvc	1	0%	100%	98%	97%
Muralidhar Krishnaprasad	Nischitha Thimmappa Gowda Sundaramma	ums-event-service	1	1%	100%	99%	98%
Muralidhar Krishnaprasad	Nischitha Thimmappa Gowda Sundaramma	ums-grpc-api	1	95%	86%	99%	100%
Muralidhar Krishnaprasad	Nischitha Thimmappa Gowda Sundaramma	ums-mail-archiver	1	87%	92%	99%	99%
Muralidhar Krishnaprasad	Nischitha Thimmappa Gowda Sundaramma	ums-mail-processor	1	97%	70%	99%	99%
Muralidhar Krishnaprasad	Nischitha Thimmappa Gowda Sundaramma	ums-mta-inbound	1	98%	64%	0%	
Muralidhar Krishnaprasad	Nischitha Thimmappa Gowda Sundaramma	ums-mta-outbound	1	97%	26%	0%	
Muralidhar Krishnaprasad	Nischitha Thimmappa Gowda Sundaramma	usms-config-api	1	95%	100%	100%	98%
Muralidhar Krishnaprasad	Nischitha Thimmappa Gowda Sundaramma	usms-event-processor	1	95%	100%	100%	100%
Muralidhar Krishnaprasad	Nischitha Thimmappa Gowda Sundaramma	usms-grpc-api	1	100%	0%	100%	100%
Muralidhar Krishnaprasad	Nischitha Thimmappa Gowda Sundaramma	usms-inbound-smpp-mo	1	95%	100%	100%	100%
Muralidhar Krishnaprasad	Oren Winter	skb-engine	1	98%	100%	99%	100%
Muralidhar Krishnaprasad	Pitch Chevalier	dc-graph-execution-service	1	98%	34%	98%	99%
Muralidhar Krishnaprasad	Pitch Chevalier	seas-control-plane	1	98%	99%	0%	
Muralidhar Krishnaprasad	Pitch Chevalier	seas-query-service	1	97%	71%	99%	99%
Muralidhar Krishnaprasad	Pitch Chevalier	seas-solr	1	98%	77%	0%	99%
Muralidhar Krishnaprasad	Pitch Chevalier	seas-zk	1	98%	100%	0%	
Muralidhar Krishnaprasad	Ramesh Ragineni	e360-queue-manager-service	1	98%	59%	99%	99%
Muralidhar Krishnaprasad	Ramesh Ragineni	e360-worker	1	97%	36%	99%	100%
Muralidhar Krishnaprasad	Ramprasadh Kothandaraman	itom-core-integration-service	0	95%	5%	0%	98%
Muralidhar Krishnaprasad	Ramprasadh Kothandaraman	itsm-cmdb-victory-discovery	0	95%	53%	0%	100%
Muralidhar Krishnaprasad	Ramprasadh Kothandaraman	itsm-cmdb-victory-management	0	100%	100%	0%	100%
Muralidhar Krishnaprasad	Ramprasadh Kothandaraman	itsm-cmdb-victory-webapp	0	100%	51%	0%	100%
Muralidhar Krishnaprasad	Raveendrnathan Loganathan	adstudio-ad-audiences-fe	1	100%	100%	0%	100%
Muralidhar Krishnaprasad	Raveendrnathan Loganathan	adstudio-campaign-service	1	100%	100%	0%	0%
Muralidhar Krishnaprasad	Raveendrnathan Loganathan	adstudio-eks	1	98%	86%	14%	71%
Muralidhar Krishnaprasad	Raveendrnathan Loganathan	adstudio-istio	1	76%	75%	50%	0%
Muralidhar Krishnaprasad	Raveendrnathan Loganathan	adstudio-istio-ingress-gateway	1	100%	0%	100%	0%
Muralidhar Krishnaprasad	Raveendrnathan Loganathan	adstudio-journey-builder-ads	1	98%	100%	0%	0%
Muralidhar Krishnaprasad	Raveendrnathan Loganathan	adstudio-lead-ingestion	1	99%	89%	0%	78%
Muralidhar Krishnaprasad	Raveendrnathan Loganathan	cdp-actions-service	1	97%	55%	99%	99%
Muralidhar Krishnaprasad	Raveendrnathan Loganathan	cdp-activation-service	1	96%	89%	99%	99%
Muralidhar Krishnaprasad	Raveendrnathan Loganathan	cdp-admin-service	0	96%	60%	99%	100%
Muralidhar Krishnaprasad	Raveendrnathan Loganathan	cdp-airflow-service	0	81%	61%	0%	99%
Muralidhar Krishnaprasad	Raveendrnathan Loganathan	cdp-authentication-service	0	96%	99%	100%	100%
Muralidhar Krishnaprasad	Raveendrnathan Loganathan	cdp-billing-service	0	97%	91%	99%	99%
Muralidhar Krishnaprasad	Raveendrnathan Loganathan	cdp-byoc	1	98%	14%	99%	99%
Muralidhar Krishnaprasad	Raveendrnathan Loganathan	cdp-byoc-krc	1	81%	85%	98%	99%
Muralidhar Krishnaprasad	Raveendrnathan Loganathan	cdp-data-capture-eks	1	98%	77%	14%	71%
Muralidhar Krishnaprasad	Raveendrnathan Loganathan	cdp-data-collaboration	1	98%	96%	99%	99%
Muralidhar Krishnaprasad	Raveendrnathan Loganathan	cdp-data-connectors	1	95%	53%	0%	100%
Muralidhar Krishnaprasad	Raveendrnathan Loganathan	cdp-data-extractor-crm-service	1	93%	86%	99%	100%
Muralidhar Krishnaprasad	Raveendrnathan Loganathan	cdp-data-extractor-dispatcher	1	96%	64%	99%	100%
Muralidhar Krishnaprasad	Raveendrnathan Loganathan	cdp-data-extractor-events	1	96%	90%	100%	100%
Muralidhar Krishnaprasad	Raveendrnathan Loganathan	cdp-data-ingestion-service	0	96%	81%	100%	96%
Muralidhar Krishnaprasad	Raveendrnathan Loganathan	cdp-data-prep	1	89%	65%	99%	100%
Muralidhar Krishnaprasad	Raveendrnathan Loganathan	cdp-data-processing-controller	0	86%	86%	26%	86%
Muralidhar Krishnaprasad	Raveendrnathan Loganathan	cdp-data-service	1	94%	69%	99%	100%
Muralidhar Krishnaprasad	Raveendrnathan Loganathan	cdp-data-sync-service	1	98%	87%	99%	99%
Muralidhar Krishnaprasad	Raveendrnathan Loganathan	cdp-data-transformation-service	1	68%	69%	99%	99%
Muralidhar Krishnaprasad	Raveendrnathan Loganathan	cdp-dpc-eks	0	76%	79%	8%	60%
Muralidhar Krishnaprasad	Raveendrnathan Loganathan	cdp-gdpr-service	1	98%	97%	99%	99%
Muralidhar Krishnaprasad	Raveendrnathan Loganathan	cdp-geo-provisioning-service	1	98%	93%	100%	99%
Muralidhar Krishnaprasad	Raveendrnathan Loganathan	cdp-iceberg-explorer	1	98%	71%	99%	99%
Muralidhar Krishnaprasad	Raveendrnathan Loganathan	cdp-inference-engine	1	94%	56%	50%	97%
Muralidhar Krishnaprasad	Raveendrnathan Loganathan	cdp-insights-engine	1	96%	94%	99%	97%
Muralidhar Krishnaprasad	Raveendrnathan Loganathan	cdp-metadata-service	0	95%	87%	99%	100%
Muralidhar Krishnaprasad	Raveendrnathan Loganathan	cdp-multiorg-service	1	98%	88%	99%	99%
Muralidhar Krishnaprasad	Raveendrnathan Loganathan	cdp-partner-activation-service	1	98%	87%	61%	99%
Muralidhar Krishnaprasad	Raveendrnathan Loganathan	cdp-profile-engine	1	96%	71%	99%	100%
Muralidhar Krishnaprasad	Raveendrnathan Loganathan	cdp-realtime-mgmt-service	1	90%	95%	99%	100%
Muralidhar Krishnaprasad	Raveendrnathan Loganathan	cdp-realtime-service	1	33%	99%	99%	98%
Muralidhar Krishnaprasad	Raveendrnathan Loganathan	cdp-scheduler-service	0	98%	66%	99%	99%
Muralidhar Krishnaprasad	Raveendrnathan Loganathan	cdp-segmentation-service	1	96%	91%	99%	100%
Muralidhar Krishnaprasad	Raveendrnathan Loganathan	credential-service	0	80%	87%	99%	100%
Muralidhar Krishnaprasad	Raveendrnathan Loganathan	ek-harmonization-service	1	98%	89%	99%	99%
Muralidhar Krishnaprasad	Srikanth Subramanian	thb-agent-api	0	98%	63%	99%	99%
Muralidhar Krishnaprasad	Srikanth Subramanian	thb-flow-action-handler	0	98%	89%	98%	99%
Muralidhar Krishnaprasad	Srikanth Subramanian	thb-iva-controller-api	0	98%	82%	99%	100%
Muralidhar Krishnaprasad	Srikanth Subramanian	thb-iva-relay-api	0	97%	73%	98%	100%
Muralidhar Krishnaprasad	Srikanth Subramanian	thb-speech-service	0	97%	100%	99%	100%
Muralidhar Krishnaprasad	Srikanth Subramanian	thb-transcript-handler	1	96%	53%	100%	99%
Muralidhar Krishnaprasad	Srikanth Subramanian	thb-voice-api	0	95%	0%	100%	98%
Muralidhar Krishnaprasad	Srikanth Subramanian	thb-voice-event-relay	0	97%	87%	99%	100%
Muralidhar Krishnaprasad	Srikanth Subramanian	thb-voice-integration	0	98%	86%	100%	100%
Muralidhar Krishnaprasad	Srikanth Subramanian	thb-voice-recording-exporter	1	97%	72%	99%	100%
Muralidhar Krishnaprasad	Srini Kandala	tabcld-backgrounder-scheduler	1	97%	77%	0%	100%
Muralidhar Krishnaprasad	Srini Kandala	tabcld-content-exploration	1	99%	93%	0%	72%
Muralidhar Krishnaprasad	Srini Kandala	tabcld-dataserver	1	97%	0%	0%	100%
Muralidhar Krishnaprasad	Srini Kandala	tabcld-scheduling-service	1	98%	34%	0%	99%
Muralidhar Krishnaprasad	Srini Kandala	tabcld-vizdata-service	1	93%	69%	99%	43%
Muralidhar Krishnaprasad	Srini Kandala	tabcld-vizdata-service-haproxy	1	0%	100%	0%	56%
Muralidhar Krishnaprasad	Srini Kandala	tabcld-vizportal	1	98%	63%	0%	94%
Muralidhar Krishnaprasad	Srini Kandala	tabcld-worker	0	97%	9%	0%	
Muralidhar Krishnaprasad	Srini Kandala	tabhf-backgrounder-scheduler	1	100%	0%	0%	100%
Muralidhar Krishnaprasad	Srini Kandala	tabhf-scheduling-service	1	100%	0%	0%	95%
Muralidhar Krishnaprasad	Stefan Piesche	cc-ecom-app-operator	1	98%	100%	0%	98%
Muralidhar Krishnaprasad	Stefan Piesche	cc-ecom-app-runtime-dev	0	97%	80%	0%	98%
Muralidhar Krishnaprasad	Stefan Piesche	cc-ecom-app-runtime-prd	0	99%	60%	0%	100%
Muralidhar Krishnaprasad	Stefan Piesche	cc-ecom-app-runtime-stg	0	97%	61%	0%	100%
Muralidhar Krishnaprasad	Stefan Piesche	cc-ecom-db-operator	1	98%	50%	0%	100%
Muralidhar Krishnaprasad	Stefan Piesche	cc-ecom-jwa-operator	1	98%	100%	0%	100%
Muralidhar Krishnaprasad	Stefan Piesche	cc-ecom-shared-fs-operator	1	0%	100%	0%	0%
Muralidhar Krishnaprasad	Stefan Piesche	cc-ecom-web-runtime-dev	0	48%	100%	0%	
Muralidhar Krishnaprasad	Stefan Piesche	cc-ecom-web-runtime-prd	0	49%	100%	0%	
Muralidhar Krishnaprasad	Stefan Piesche	cc-ecom-web-runtime-stg	0	47%	100%	0%	
Muralidhar Krishnaprasad	Steven Books	spiff-auditorium	1	0%	100%	100%	100%
Muralidhar Krishnaprasad	Steven Books	spiff-ex	1	97%	100%	100%	100%
Muralidhar Krishnaprasad	Steven Books	spiff-mcfeely	1	98%	100%	98%	100%
Muralidhar Krishnaprasad	Steven Books	spiff-nats	1	96%	100%	0%	
Muralidhar Krishnaprasad	Steven Books	spiff-peg	1	100%	100%	0%	
Muralidhar Krishnaprasad	Steven Books	spiff-permiso	1	99%	100%	100%	100%
Muralidhar Krishnaprasad	Steven Books	spiff-pipeline	1	0%	100%	0%	
Muralidhar Krishnaprasad	Steven Books	spiff-rb	1	87%	35%	91%	8%
Muralidhar Krishnaprasad	Steven Books	spiff-react	1	97%	81%	100%	98%
Muralidhar Krishnaprasad	Steven Books	spiff-split-evaluator	1	95%	100%	100%	100%
Muralidhar Krishnaprasad	Sudhir Jhalani	eanalytics	1	92%	93%	8%	72%
Muralidhar Krishnaprasad	Sudhir Jhalani	eanalytics-cassandra	1	98%	100%	0%	
Muralidhar Krishnaprasad	Sudhir Jhalani	eanalytics-lowlatency	1	95%	98%	0%	
Muralidhar Krishnaprasad	Sudhir Jhalani	eanalytics-redis	1	100%	100%	0%	
Muralidhar Krishnaprasad	Tobias Muehlbauer	cdp-hyperdb	1	94%	79%	0%	99%
Muralidhar Krishnaprasad	Tobias Muehlbauer	cdp-query-service	0	61%	57%	64%	99%
Muralidhar Krishnaprasad	Yacov Salomon	zero-object-service	0	64%	98%	67%	98%
Muralidhar Krishnaprasad	Yacov Salomon	zos-event-pump	1	99%	100%	99%	99%
Paul Constantinides	Anubhav Dhoot	argo-workflows	1	97%	49%	50%	49%
Paul Constantinides	Anubhav Dhoot	authzwebhook	1	49%	88%	85%	99%
Paul Constantinides	Anubhav Dhoot	caas	0	100%	100%	0%	100%
Paul Constantinides	Anubhav Dhoot	caasla	0	98%	95%	0%	99%
Paul Constantinides	Anubhav Dhoot	caaspc	0	44%	100%	0%	33%
Paul Constantinides	Anubhav Dhoot	caasvb	0	45%	100%	0%	33%
Paul Constantinides	Anubhav Dhoot	hypercomputeapi	1	0%	100%	100%	100%
Paul Constantinides	Anubhav Dhoot	identity-controller	1	0%	100%	0%	0%
Paul Constantinides	Anubhav Dhoot	identity-controller-refresher	1	0%	100%	0%	0%
Paul Constantinides	Anubhav Dhoot	ingressassistant	1	0%	100%	0%	0%
Paul Constantinides	Anubhav Dhoot	ingressgateway	0	98%	1%	96%	0%
Paul Constantinides	Anubhav Dhoot	istio-copilot	1	98%	89%	99%	99%
Paul Constantinides	Anubhav Dhoot	istio-metrics-service	1	97%	66%	99%	100%
Paul Constantinides	Anubhav Dhoot	istiod	1	97%	58%	63%	0%
Paul Constantinides	Anubhav Dhoot	maps	1	98%	62%	99%	99%
Paul Constantinides	Anubhav Dhoot	mesh-operator	1	98%	90%	0%	99%
Paul Constantinides	Anubhav Dhoot	policy-distribution	1	98%	85%	99%	50%
Paul Constantinides	Anubhav Dhoot	qpid	1	97%	64%	0%	
Paul Constantinides	Anubhav Dhoot	rediscluster-manager	1	99%	95%	0%	99%
Paul Constantinides	Anubhav Dhoot	sam	1	75%	90%	13%	69%
Paul Constantinides	Anubhav Dhoot	strauz	1	97%	79%	94%	68%
Paul Constantinides	Anubhav Dhoot	vegacache	0	97%	97%	0%	
Paul Constantinides	Anubhav Dhoot	workload-identity	1	98%	71%	99%	66%
Paul Constantinides	Herman Kwong	certificateservices	1	97%	76%	48%	50%
Paul Constantinides	Herman Kwong	eaas	1	97%	91%	0%	
Paul Constantinides	Herman Kwong	edge	0	95%	68%	37%	74%
Paul Constantinides	Herman Kwong	hyperguard-driver	1	95%	5%	100%	100%
Paul Constantinides	Herman Kwong	inbound-mta	1	97%	84%	0%	
Paul Constantinides	Herman Kwong	jit	1	98%	58%	34%	100%
Paul Constantinides	Herman Kwong	kaaskeymaker	1	98%	49%	0%	100%
Paul Constantinides	Herman Kwong	kaaskeywatcher	1	44%	90%	19%	25%
Paul Constantinides	Herman Kwong	kaasmasterkdc	1	98%	38%	0%	99%
Paul Constantinides	Herman Kwong	kaasslavekdc	1	98%	66%	0%	99%
Paul Constantinides	Herman Kwong	kaaswebhook	1	98%	62%	77%	96%
Paul Constantinides	Herman Kwong	kwaf-driver	1	98%	96%	0%	99%
Paul Constantinides	Herman Kwong	l7-unified-controller	1	95%	5%	0%	100%
Paul Constantinides	Herman Kwong	l7waf-reporter	1	97%	98%	99%	99%
Paul Constantinides	Herman Kwong	madkub-injection-webhook	1	97%	82%	72%	99%
Paul Constantinides	Herman Kwong	matlockauthsync	1	0%	100%	100%	0%
Paul Constantinides	Herman Kwong	matlockplex	1	94%	100%	98%	99%
Paul Constantinides	Herman Kwong	perimetercdn	1	99%	100%	0%	100%
Paul Constantinides	Herman Kwong	pkicontroller	1	93%	18%	99%	100%
Paul Constantinides	Herman Kwong	pradsm	1	98%	100%	0%	67%
Paul Constantinides	Herman Kwong	praui	1	64%	91%	0%	56%
Paul Constantinides	Herman Kwong	privateconnect-outbound-dp	1	97%	92%	0%	57%
Paul Constantinides	Herman Kwong	quantumk	1	96%	91%	93%	96%
Paul Constantinides	Herman Kwong	quantumkgia2h	1	80%	95%	13%	74%
Paul Constantinides	Herman Kwong	quantumks2s	1	98%	95%	99%	99%
Paul Constantinides	Herman Kwong	raphty	1	83%	88%	84%	99%
Paul Constantinides	Herman Kwong	secds389	1	95%	98%	0%	
Paul Constantinides	Herman Kwong	seciamsvc	1	98%	65%	98%	99%
Paul Constantinides	Herman Kwong	smsapi	0	49%	99%	0%	49%
Paul Constantinides	Herman Kwong	smscanary	0	0%	100%	0%	0%
Paul Constantinides	Herman Kwong	smszk	0	97%	99%	0%	
Paul Constantinides	Herman Kwong	soterfalcon	1	98%	67%	0%	78%
Paul Constantinides	Herman Kwong	ura	1	96%	70%	98%	100%
Paul Constantinides	Herman Kwong	vault	1	84%	94%	27%	3%
Paul Constantinides	Herman Kwong	vault-accelerator	1	97%	86%	62%	100%
Paul Constantinides	Herman Kwong	vault-canary	1	98%	98%	0%	0%
Paul Constantinides	Herman Kwong	vault-policy-manager	1	0%	100%	0%	0%
Paul Constantinides	Herman Kwong	waas-controller	1	0%	100%	0%	0%
Paul Constantinides	Herman Kwong	waas-logstash	1	97%	85%	0%	99%
Paul Constantinides	Herman Kwong	waas-validation-controller	1	96%	96%	0%	0%
Paul Constantinides	Sriram Dinavahi	cantor	1	98%	66%	0%	
Paul Constantinides	Sriram Dinavahi	coreapp	0	92%	73%	99%	100%
Paul Constantinides	Sriram Dinavahi	fawkes-api	1	98%	58%	100%	100%
Paul Constantinides	Sriram Dinavahi	fawkes-mongo	1	97%	34%	0%	
Paul Constantinides	Sriram Dinavahi	fawkes-mq	1	97%	100%	0%	
Paul Constantinides	Sriram Dinavahi	fawkes-platform	1	49%	85%	61%	58%
Paul Constantinides	Sriram Dinavahi	fawkes-ui	1	0%	100%	0%	100%
Paul Constantinides	Sriram Dinavahi	maiev-receiver	1	99%	80%	99%	100%
Paul Constantinides	Sriram Dinavahi	sequencer	0	0%	100%	0%	98%
Paul Constantinides	Sriram Dinavahi	sherlock-apexguru	1	100%	0%	0%	
Paul Constantinides	Sriram Dinavahi	sherlock-api	1	98%	99%	100%	100%
Paul Constantinides	Sriram Dinavahi	sherlock-mycroft	1	0%	100%	0%	
Paul Constantinides	Sriram Dinavahi	sherlock-platform	1	93%	49%	0%	
Paul Constantinides	Sriram Dinavahi	sherlock-storage	1	95%	100%	0%	
Paul Constantinides	Sriram Dinavahi	wardenui	1	97%	98%	98%	100%
Paul Constantinides	Subho Chatterjee	chronicle-alert-router	1	98%	93%	99%	0%
Paul Constantinides	Subho Chatterjee	chronicle-alertmanager	1	98%	81%	0%	
Paul Constantinides	Subho Chatterjee	chronicle-cloudwatch-exporter	1	97%	85%	99%	0%
Paul Constantinides	Subho Chatterjee	chronicle-loki	1	97%	88%	0%	
Paul Constantinides	Subho Chatterjee	chronicle-oracle-exporter	1	97%	0%	99%	100%
Paul Constantinides	Subho Chatterjee	chronicle-orchestrator	1	0%	100%	0%	0%
Paul Constantinides	Subho Chatterjee	chronicle-server	1	99%	95%	16%	
Paul Constantinides	Subho Chatterjee	ciaccdisc	1	99%	81%	100%	100%
Paul Constantinides	Subho Chatterjee	jarvisapiserver	1	99%	92%	99%	99%
Paul Constantinides	Subho Chatterjee	jarviscoordinator	1	0%	100%	99%	95%
Paul Constantinides	Subho Chatterjee	jarvisstatusreporter	1	0%	100%	99%	95%
Paul Constantinides	Subho Chatterjee	jarvisstoragemanager	1	0%	100%	99%	98%
Paul Constantinides	Subho Chatterjee	sdb	0	97%	44%	0%	
Paul Constantinides	Subho Chatterjee	sdb-dbaas-broker	0	97%	88%	99%	99%
Paul Constantinides	Subho Chatterjee	sdb-file-notification	1	95%	70%	95%	0%
Paul Constantinides	Subho Chatterjee	sdb-healthreports	1	96%	67%	0%	34%
Paul Constantinides	Subho Chatterjee	sdb-management-plane	1	100%	100%	100%	100%
Paul Constantinides	Subho Chatterjee	sdb-tenant-router	0	98%	34%	100%	99%
Paul Constantinides	Subho Chatterjee	sdb-trace-analytics	1	59%	80%	0%	0%
Paul Constantinides	Subho Chatterjee	sdbarchivalworker	1	97%	99%	0%	
Paul Constantinides	Subho Chatterjee	sdbcloudstore	0	26%	100%	0%	0%
Paul Constantinides	Subho Chatterjee	sdbselfhealing	1	98%	100%	0%	
Paul Constantinides	Subho Chatterjee	sdbstore	0	17%	100%	0%	98%
Paul Constantinides	Subho Chatterjee	sdbzk	0	17%	100%	0%	0%
Ramesh Ragineni	Amit Sharma (Mulesoft)	diffeo-accounts	0	0%	100%	100%	100%
Ramesh Ragineni	Amit Sharma (Mulesoft)	diffeo-extraction	1	0%	100%	100%	100%
Ramesh Ragineni	Amit Sharma (Mulesoft)	diffeo-gateway	0	0%	100%	100%	100%
Ramesh Ragineni	Amit Sharma (Mulesoft)	diffeo-model	0	0%	100%	100%	100%
Ramesh Ragineni	Amit Sharma (Mulesoft)	diffeo-web	0	0%	100%	95%	100%
Ramesh Ragineni	Amit Sharma (Mulesoft)	diffeo-worker	0	12%	100%	100%	0%
Ramesh Ragineni	Amit Sharma (Mulesoft)	diffeo-ygg-api	0	0%	100%	95%	100%
Ramesh Ragineni	Amit Sharma (Mulesoft)	diffeo-ygg-notifications	0	0%	100%	100%	95%
Ramesh Ragineni	Amit Sharma (Mulesoft)	diffeo-ygg-worker	0	0%	100%	95%	0%
Ramesh Ragineni	Dinesh Rajurs	clm-docgen-service	1	97%	94%	99%	98%
Ramesh Ragineni	Dinesh Rajurs	clm-pdfgen-service	1	98%	98%	99%	98%
Ramesh Ragineni	Dinesh Rajurs	nc-constraints-engine	1	98%	100%	99%	100%
Ramesh Ragineni	Kirk Law	industries-rcg-int	0	96%	50%	85%	100%
Ramesh Ragineni	Kirk Law	industries-rcg-retail	0	98%	99%	99%	99%
Ramesh Ragineni	Kirk Law	industries-rcg-supporting	0	32%	89%	28%	99%
Ramesh Ragineni	Kirk Law	industries-rcg-tenant-mgmt	1	65%	88%	51%	99%
Ramesh Ragineni	Kirk Law	industries-rcg-tpm	0	97%	81%	86%	100%
Ramesh Ragineni	Ramesh Ragineni	solution-cloud-jobmage	1	100%	0%	100%	100%
