fi,fd,k8s_cluster,label_p_servicename,customerType,migrationStage
aag-stage1,airlock,airlockhi-eks-1,airlock-high-eks,BlackJack,4
aag-stage1,airlock,airlockhi-eks-1,clustermanagement,BlackJack,4
aag-stage1,airlock,airlockhi-eks-1,collection,BlackJack,4
aag-stage1,airlock,airlockhi-eks-1,collectioninjector,BlackJack,4
aag-stage1,airlock,airlockhi-eks-1,madkub-injection-webhook,BlackJack,4
aag-stage1,airlock,airlockhi-eks-1,madkub-watchdog,BlackJack,4
aag-stage1,airlock,airlockhi-eks-1,metadata-concealer,BlackJack,4
aag-stage1,airlock,airlockhi-eks-1,stampy-webhook,BlackJack,4
aag-stage1,airlock,fit1,clustermanagement,BlackJack,1
aag-stage1,airlock,fit1,collection,BlackJack,1
aag-stage1,airlock,fit1,collectioninjector,BlackJack,1
aag-stage1,airlock,fit1,fit-controller-service,BlackJack,1
aag-stage1,airlock,fit1,fit-test-twister,BlackJack,1
aag-stage1,airlock,fit1,integration-test-service,BlackJack,1
aag-stage1,airlock,fit1,madkub-injection-webhook,BlackJack,1
aag-stage1,airlock,fit1,madkub-watchdog,BlackJack,1
aag-stage1,airlock,fit1,metadata-concealer,BlackJack,1
aag-stage1,airlock,fit1,stampy-webhook,BlackJack,1
aag-stage1,core1,k8s,ajnakafka,BlackJack,1
aag-stage1,core1,k8s,ajnakmf,BlackJack,1
aag-stage1,core1,k8s,ajnaloadmgr,BlackJack,1
aag-stage1,core1,k8s,ajnatopicapi,BlackJack,1
aag-stage1,core1,k8s,clustermanagement,BlackJack,1
aag-stage1,core1,k8s,collection,BlackJack,1
aag-stage1,core1,k8s,collectioninjector,BlackJack,1
aag-stage1,core1,k8s,madkub-injection-webhook,BlackJack,1
aag-stage1,core1,k8s,madkub-watchdog,BlackJack,1
aag-stage1,core1,k8s,metadata-concealer,BlackJack,1
aag-stage1,core1,k8s,stampy-webhook,BlackJack,1
aag-stage1,core1,sam-processing1,argo-rollout,BlackJack,1
aag-stage1,core1,sam-processing1,authzwebhook,BlackJack,1
aag-stage1,core1,sam-processing1,caas,BlackJack,1
aag-stage1,core1,sam-processing1,caaspc,BlackJack,1
aag-stage1,core1,sam-processing1,caasvb,BlackJack,1
aag-stage1,core1,sam-processing1,cbatch,BlackJack,1
aag-stage1,core1,sam-processing1,clustermanagement,BlackJack,1
aag-stage1,core1,sam-processing1,collection,BlackJack,1
aag-stage1,core1,sam-processing1,collectioninjector,BlackJack,1
aag-stage1,core1,sam-processing1,collectioninjectortest,BlackJack,1
aag-stage1,core1,sam-processing1,coreapp,BlackJack,1
aag-stage1,core1,sam-processing1,eaas,BlackJack,1
aag-stage1,core1,sam-processing1,eanalytics-batch,BlackJack,1
aag-stage1,core1,sam-processing1,eanalytics-cassandra,BlackJack,1
aag-stage1,core1,sam-processing1,eanalytics-ed,BlackJack,1
aag-stage1,core1,sam-processing1,eanalytics-lowlatency,BlackJack,1
aag-stage1,core1,sam-processing1,eanalytics-redis,BlackJack,1
aag-stage1,core1,sam-processing1,fit-controller-service,BlackJack,1
aag-stage1,core1,sam-processing1,fit-test-twister,BlackJack,1
aag-stage1,core1,sam-processing1,inbound-mta,BlackJack,1
aag-stage1,core1,sam-processing1,ingressassistant,BlackJack,1
aag-stage1,core1,sam-processing1,ingressgateway,BlackJack,1
aag-stage1,core1,sam-processing1,integration-test-service,BlackJack,1
aag-stage1,core1,sam-processing1,istio-copilot,BlackJack,1
aag-stage1,core1,sam-processing1,istio-metrics-service,BlackJack,1
aag-stage1,core1,sam-processing1,istio-operator,BlackJack,1
aag-stage1,core1,sam-processing1,istio-ordering,BlackJack,1
aag-stage1,core1,sam-processing1,istio-route-update-service,BlackJack,1
aag-stage1,core1,sam-processing1,istio-shipping,BlackJack,1
aag-stage1,core1,sam-processing1,istiod,BlackJack,1
aag-stage1,core1,sam-processing1,kubesyntheticscaler,BlackJack,1
aag-stage1,core1,sam-processing1,madkub-injection-webhook,BlackJack,1
aag-stage1,core1,sam-processing1,madkub-watchdog,BlackJack,1
aag-stage1,core1,sam-processing1,mediaservicefd,BlackJack,1
aag-stage1,core1,sam-processing1,mesh-operator,BlackJack,1
aag-stage1,core1,sam-processing1,metadata-concealer,BlackJack,1
aag-stage1,core1,sam-processing1,pbsmatch,BlackJack,1
aag-stage1,core1,sam-processing1,qpid,BlackJack,1
aag-stage1,core1,sam-processing1,sam,BlackJack,1
aag-stage1,core1,sam-processing1,sequencer,BlackJack,1
aag-stage1,core1,sam-processing1,solr-service,BlackJack,1
aag-stage1,core1,sam-processing1,spo,BlackJack,1
aag-stage1,core1,sam-processing1,stampy-webhook,BlackJack,1
aag-stage1,core1,sam-restricted1,authzwebhook,BlackJack,1
aag-stage1,core1,sam-restricted1,clustermanagement,BlackJack,1
aag-stage1,core1,sam-restricted1,collection,BlackJack,1
aag-stage1,core1,sam-restricted1,collectioninjector,BlackJack,1
aag-stage1,core1,sam-restricted1,collectioninjectortest,BlackJack,1
aag-stage1,core1,sam-restricted1,gridforce,BlackJack,1
aag-stage1,core1,sam-restricted1,hbase,BlackJack,1
aag-stage1,core1,sam-restricted1,istio-operator,BlackJack,1
aag-stage1,core1,sam-restricted1,istio-shipping,BlackJack,1
aag-stage1,core1,sam-restricted1,kubesyntheticscaler,BlackJack,1
aag-stage1,core1,sam-restricted1,madkub-injection-webhook,BlackJack,1
aag-stage1,core1,sam-restricted1,madkub-watchdog,BlackJack,1
aag-stage1,core1,sam-restricted1,metadata-concealer,BlackJack,1
aag-stage1,core1,sam-restricted1,sam,BlackJack,1
aag-stage1,core1,sam-restricted1,spo,BlackJack,1
aag-stage1,core1,sam-restricted1,stampy-webhook,BlackJack,1
aag-stage1,core1,sam-restricted2,authzwebhook,BlackJack,1
aag-stage1,core1,sam-restricted2,clustermanagement,BlackJack,1
aag-stage1,core1,sam-restricted2,collection,BlackJack,1
aag-stage1,core1,sam-restricted2,collectioninjector,BlackJack,1
aag-stage1,core1,sam-restricted2,collectioninjectortest,BlackJack,1
aag-stage1,core1,sam-restricted2,hbase,BlackJack,1
aag-stage1,core1,sam-restricted2,istio-operator,BlackJack,1
aag-stage1,core1,sam-restricted2,istio-shipping,BlackJack,1
aag-stage1,core1,sam-restricted2,kubesyntheticscaler,BlackJack,1
aag-stage1,core1,sam-restricted2,madkub-injection-webhook,BlackJack,1
aag-stage1,core1,sam-restricted2,madkub-watchdog,BlackJack,1
aag-stage1,core1,sam-restricted2,metadata-concealer,BlackJack,1
aag-stage1,core1,sam-restricted2,sam,BlackJack,1
aag-stage1,core1,sam-restricted2,spo,BlackJack,1
aag-stage1,core1,sam-restricted2,stampy-webhook,BlackJack,1
aag-stage1,core1,sam-restricted4,authzwebhook,BlackJack,1
aag-stage1,core1,sam-restricted4,clustermanagement,BlackJack,1
aag-stage1,core1,sam-restricted4,collection,BlackJack,1
aag-stage1,core1,sam-restricted4,collectioninjector,BlackJack,1
aag-stage1,core1,sam-restricted4,collectioninjectortest,BlackJack,1
aag-stage1,core1,sam-restricted4,kubesyntheticscaler,BlackJack,1
aag-stage1,core1,sam-restricted4,madkub-injection-webhook,BlackJack,1
aag-stage1,core1,sam-restricted4,madkub-watchdog,BlackJack,1
aag-stage1,core1,sam-restricted4,metadata-concealer,BlackJack,1
aag-stage1,core1,sam-restricted4,sam,BlackJack,1
aag-stage1,core1,sam-restricted4,stampy-webhook,BlackJack,1
aag-stage1,core1,sam-restricted5,authzwebhook,BlackJack,1
aag-stage1,core1,sam-restricted5,clustermanagement,BlackJack,1
aag-stage1,core1,sam-restricted5,collection,BlackJack,1
aag-stage1,core1,sam-restricted5,collectioninjector,BlackJack,1
aag-stage1,core1,sam-restricted5,collectioninjectortest,BlackJack,1
aag-stage1,core1,sam-restricted5,kubesyntheticscaler,BlackJack,1
aag-stage1,core1,sam-restricted5,madkub-injection-webhook,BlackJack,1
aag-stage1,core1,sam-restricted5,madkub-watchdog,BlackJack,1
aag-stage1,core1,sam-restricted5,metadata-concealer,BlackJack,1
aag-stage1,core1,sam-restricted5,sam,BlackJack,1
aag-stage1,core1,sam-restricted5,stampy-webhook,BlackJack,1
aag-stage1,core1,sdb-prod,collection,BlackJack,1
aag-stage1,core1,sdb-prod,collectioninjector,BlackJack,1
aag-stage1,core1,sdb-prod,madkub-injection-webhook,BlackJack,1
aag-stage1,core1,sdb-prod,madkub-watchdog,BlackJack,1
aag-stage1,core1,sdb-prod,metadata-concealer,BlackJack,1
aag-stage1,core1,sdb-prod,sdb,BlackJack,1
aag-stage1,core1,sdb-prod,sdbarchivalworker,BlackJack,1
aag-stage1,core1,sdb-prod,sdbstore,BlackJack,1
aag-stage1,core1,sdb-prod,sdbzk,BlackJack,1
aag-stage1,core1,sdb-prod,stampy-webhook,BlackJack,1
aag-stage1,core1,sdb-restore,collection,BlackJack,1
aag-stage1,core1,sdb-restore,collectioninjector,BlackJack,1
aag-stage1,core1,sdb-restore,madkub-injection-webhook,BlackJack,1
aag-stage1,core1,sdb-restore,madkub-watchdog,BlackJack,1
aag-stage1,core1,sdb-restore,metadata-concealer,BlackJack,1
aag-stage1,core1,sdb-restore,sdbarchivalworker,BlackJack,1
aag-stage1,core1,sdb-restore,sdbstore,BlackJack,1
aag-stage1,core1,sdb-restore,sdbzk,BlackJack,1
aag-stage1,core1,sdb-restore,stampy-webhook,BlackJack,1
aag-stage1,crypto,fit1,clustermanagement,BlackJack,1
aag-stage1,crypto,fit1,collection,BlackJack,1
aag-stage1,crypto,fit1,collectioninjector,BlackJack,1
aag-stage1,crypto,fit1,fit-controller-service,BlackJack,1
aag-stage1,crypto,fit1,fit-test-twister,BlackJack,1
aag-stage1,crypto,fit1,integration-test-service,BlackJack,1
aag-stage1,crypto,fit1,madkub-injection-webhook,BlackJack,1
aag-stage1,crypto,fit1,madkub-watchdog,BlackJack,1
aag-stage1,crypto,fit1,metadata-concealer,BlackJack,1
aag-stage1,crypto,fit1,stampy-webhook,BlackJack,1
aag-stage1,crypto,kms-services,clustermanagement,BlackJack,1
aag-stage1,crypto,kms-services,collection,BlackJack,1
aag-stage1,crypto,kms-services,collectioninjector,BlackJack,1
aag-stage1,crypto,kms-services,kmsinfra,BlackJack,1
aag-stage1,crypto,kms-services,madkub-injection-webhook,BlackJack,1
aag-stage1,crypto,kms-services,madkub-watchdog,BlackJack,1
aag-stage1,crypto,kms-services,metadata-concealer,BlackJack,1
aag-stage1,crypto,kms-services,smsapi,BlackJack,1
aag-stage1,crypto,kms-services,smscanary,BlackJack,1
aag-stage1,crypto,kms-services,smszk,BlackJack,1
aag-stage1,crypto,kms-services,stampy-webhook,BlackJack,1
aag-stage1,diffeo,fit1,clustermanagement,BlackJack,1
aag-stage1,diffeo,fit1,collection,BlackJack,1
aag-stage1,diffeo,fit1,collectioninjector,BlackJack,1
aag-stage1,diffeo,fit1,fit-controller-service,BlackJack,1
aag-stage1,diffeo,fit1,fit-test-twister,BlackJack,1
aag-stage1,diffeo,fit1,integration-test-service,BlackJack,1
aag-stage1,diffeo,fit1,madkub-injection-webhook,BlackJack,1
aag-stage1,diffeo,fit1,madkub-watchdog,BlackJack,1
aag-stage1,diffeo,fit1,metadata-concealer,BlackJack,1
aag-stage1,diffeo,fit1,stampy-webhook,BlackJack,1
aag-stage1,diffeo,sam-processing1,collectioninjectortest,BlackJack,1
aag-stage1,diffeo,sam-processing1,diffeo-accounts,BlackJack,1
aag-stage1,diffeo,sam-processing1,diffeo-extraction,BlackJack,1
aag-stage1,diffeo,sam-processing1,diffeo-gateway,BlackJack,1
aag-stage1,diffeo,sam-processing1,diffeo-internal-gateway,BlackJack,1
aag-stage1,diffeo,sam-processing1,diffeo-model,BlackJack,1
aag-stage1,diffeo,sam-processing1,ingressassistant,BlackJack,1
aag-stage1,diffeo,sam-processing1,ingressgateway,BlackJack,1
aag-stage1,diffeo,sam-processing1,istio-copilot,BlackJack,1
aag-stage1,diffeo,sam-processing1,istio-metrics-service,BlackJack,1
aag-stage1,diffeo,sam-processing1,istio-operator,BlackJack,1
aag-stage1,diffeo,sam-processing1,istio-ordering,BlackJack,1
aag-stage1,diffeo,sam-processing1,istio-shipping,BlackJack,1
aag-stage1,diffeo,sam-processing1,istiod,BlackJack,1
aag-stage1,diffeo,sam-processing1,kubesyntheticscaler,BlackJack,1
aag-stage1,diffeo,sam-processing1,madkub-injection-webhook,BlackJack,1
aag-stage1,diffeo,sam-processing1,madkub-watchdog,BlackJack,1
aag-stage1,diffeo,sam-processing1,mesh-operator,BlackJack,1
aag-stage1,diffeo,sam-processing1,metadata-concealer,BlackJack,1
aag-stage1,diffeo,sam-processing1,sam,BlackJack,1
aag-stage1,diffeo,sam-processing1,spo,BlackJack,1
aag-stage1,dnr,k8s,ajnakafka,BlackJack,1
aag-stage1,dnr,k8s,ajnakmf,BlackJack,1
aag-stage1,dnr,k8s,ajnaloadmgr,BlackJack,1
aag-stage1,dnr,k8s,clustermanagement,BlackJack,1
aag-stage1,dnr,k8s,collection,BlackJack,1
aag-stage1,dnr,k8s,collectioninjector,BlackJack,1
aag-stage1,dnr,k8s,madkub-injection-webhook,BlackJack,1
aag-stage1,dnr,k8s,madkub-watchdog,BlackJack,1
aag-stage1,dnr,k8s,metadata-concealer,BlackJack,1
aag-stage1,dnr,k8s,stampy-webhook,BlackJack,1
aag-stage1,dnr,airflow,clustermanagement,BlackJack,1
aag-stage1,dnr,airflow,collection,BlackJack,1
aag-stage1,dnr,airflow,collectioninjector,BlackJack,1
aag-stage1,dnr,airflow,dnr-airflow,BlackJack,1
aag-stage1,dnr,airflow,madkub-injection-webhook,BlackJack,1
aag-stage1,dnr,airflow,madkub-watchdog,BlackJack,1
aag-stage1,dnr,airflow,metadata-concealer,BlackJack,1
aag-stage1,dnr,airflow,stampy-webhook,BlackJack,1
aag-stage1,dnr,dnr-cnt-eks1,clustermanagement,BlackJack,4
aag-stage1,dnr,dnr-cnt-eks1,collection,BlackJack,4
aag-stage1,dnr,dnr-cnt-eks1,collectioninjector,BlackJack,4
aag-stage1,dnr,dnr-cnt-eks1,dnr-connector,BlackJack,4
aag-stage1,dnr,dnr-cnt-eks1,dnr-prism,BlackJack,4
aag-stage1,dnr,dnr-cnt-eks1,madkub-injection-webhook,BlackJack,4
aag-stage1,dnr,dnr-cnt-eks1,madkub-watchdog,BlackJack,4
aag-stage1,dnr,dnr-cnt-eks1,metadata-concealer,BlackJack,4
aag-stage1,dnr,dnr-cnt-eks1,stampy-webhook,BlackJack,4
aag-stage1,dnr,dnr-k2s-k8s1,clustermanagement,BlackJack,1
aag-stage1,dnr,dnr-k2s-k8s1,collection,BlackJack,1
aag-stage1,dnr,dnr-k2s-k8s1,collectioninjector,BlackJack,1
aag-stage1,dnr,dnr-k2s-k8s1,dnr-k2s,BlackJack,1
aag-stage1,dnr,dnr-k2s-k8s1,madkub-injection-webhook,BlackJack,1
aag-stage1,dnr,dnr-k2s-k8s1,madkub-watchdog,BlackJack,1
aag-stage1,dnr,dnr-k2s-k8s1,metadata-concealer,BlackJack,1
aag-stage1,dnr,dnr-k2s-k8s1,stampy-webhook,BlackJack,1
aag-stage1,dnr,molokai-k8s1,clustermanagement,BlackJack,1
aag-stage1,dnr,molokai-k8s1,collection,BlackJack,1
aag-stage1,dnr,molokai-k8s1,collectioninjector,BlackJack,1
aag-stage1,dnr,molokai-k8s1,dnr-molokai,BlackJack,1
aag-stage1,dnr,molokai-k8s1,madkub-injection-webhook,BlackJack,1
aag-stage1,dnr,molokai-k8s1,madkub-watchdog,BlackJack,1
aag-stage1,dnr,molokai-k8s1,metadata-concealer,BlackJack,1
aag-stage1,dnr,molokai-k8s1,stampy-webhook,BlackJack,1
aag-stage1,dnr,orion,clustermanagement,BlackJack,1
aag-stage1,dnr,orion,collection,BlackJack,1
aag-stage1,dnr,orion,collectioninjector,BlackJack,1
aag-stage1,dnr,orion,dnr-orion,BlackJack,1
aag-stage1,dnr,orion,madkub-injection-webhook,BlackJack,1
aag-stage1,dnr,orion,madkub-watchdog,BlackJack,1
aag-stage1,dnr,orion,metadata-concealer,BlackJack,1
aag-stage1,dnr,orion,stampy-webhook,BlackJack,1
aag-stage1,dnr,streamingsearch,clustermanagement,BlackJack,1
aag-stage1,dnr,streamingsearch,collection,BlackJack,1
aag-stage1,dnr,streamingsearch,collectioninjector,BlackJack,1
aag-stage1,dnr,streamingsearch,dnr-streamingsearch,BlackJack,1
aag-stage1,dnr,streamingsearch,madkub-injection-webhook,BlackJack,1
aag-stage1,dnr,streamingsearch,madkub-watchdog,BlackJack,1
aag-stage1,dnr,streamingsearch,metadata-concealer,BlackJack,1
aag-stage1,dnr,streamingsearch,stampy-webhook,BlackJack,1
aag-stage1,dnr,fit1,clustermanagement,BlackJack,1
aag-stage1,dnr,fit1,collection,BlackJack,1
aag-stage1,dnr,fit1,collectioninjector,BlackJack,1
aag-stage1,dnr,fit1,fit-controller-service,BlackJack,1
aag-stage1,dnr,fit1,fit-test-twister,BlackJack,1
aag-stage1,dnr,fit1,integration-test-service,BlackJack,1
aag-stage1,dnr,fit1,madkub-injection-webhook,BlackJack,1
aag-stage1,dnr,fit1,madkub-watchdog,BlackJack,1
aag-stage1,dnr,fit1,metadata-concealer,BlackJack,1
aag-stage1,dnr,fit1,stampy-webhook,BlackJack,1
aag-stage1,deploy,amibake1,sfcd-awsbake,BlackJack,1
aag-stage1,deploy,fit1,clustermanagement,BlackJack,1
aag-stage1,deploy,fit1,collection,BlackJack,1
aag-stage1,deploy,fit1,collectioninjector,BlackJack,1
aag-stage1,deploy,fit1,fit-controller-service,BlackJack,1
aag-stage1,deploy,fit1,fit-test-twister,BlackJack,1
aag-stage1,deploy,fit1,integration-test-service,BlackJack,1
aag-stage1,deploy,fit1,madkub-injection-webhook,BlackJack,1
aag-stage1,deploy,fit1,madkub-watchdog,BlackJack,1
aag-stage1,deploy,fit1,metadata-concealer,BlackJack,1
aag-stage1,deploy,fit1,stampy-webhook,BlackJack,1
aag-stage1,deploy,deploy-spin1,clustermanagement,BlackJack,1
aag-stage1,deploy,deploy-spin1,collection,BlackJack,1
aag-stage1,deploy,deploy-spin1,collectioninjector,BlackJack,1
aag-stage1,deploy,deploy-spin1,madkub-injection-webhook,BlackJack,1
aag-stage1,deploy,deploy-spin1,madkub-watchdog,BlackJack,1
aag-stage1,deploy,deploy-spin1,metadata-concealer,BlackJack,1
aag-stage1,deploy,deploy-spin1,sfcd-cs-funnel-metrics,BlackJack,1
aag-stage1,deploy,deploy-spin1,sfcdconfigservice,BlackJack,1
aag-stage1,deploy,deploy-spin1,spinnaker,BlackJack,1
aag-stage1,deploy,deploy-spin1,stampy-webhook,BlackJack,1
aag-stage1,deploy,sfcdplatform1,clustermanagement,BlackJack,1
aag-stage1,deploy,sfcdplatform1,collection,BlackJack,1
aag-stage1,deploy,sfcdplatform1,collectioninjector,BlackJack,1
aag-stage1,deploy,sfcdplatform1,madkub-injection-webhook,BlackJack,1
aag-stage1,deploy,sfcdplatform1,madkub-watchdog,BlackJack,1
aag-stage1,deploy,sfcdplatform1,metadata-concealer,BlackJack,1
aag-stage1,deploy,sfcdplatform1,sfcdplatform,BlackJack,1
aag-stage1,deploy,sfcdplatform1,stampy-webhook,BlackJack,1
aag-stage1,deploy,wdpaagstage1ds1,clustermanagement,BlackJack,1
aag-stage1,deploy,wdpaagstage1ds1,collection,BlackJack,1
aag-stage1,deploy,wdpaagstage1ds1,collectioninjector,BlackJack,1
aag-stage1,deploy,wdpaagstage1ds1,madkub-injection-webhook,BlackJack,1
aag-stage1,deploy,wdpaagstage1ds1,madkub-watchdog,BlackJack,1
aag-stage1,deploy,wdpaagstage1ds1,metadata-concealer,BlackJack,1
aag-stage1,deploy,wdpaagstage1ds1,sfcdekstest1,BlackJack,1
aag-stage1,deploy,wdpaagstage1ds1,stampy-webhook,BlackJack,1
aag-stage1,deploy,artifact-mgmt1,clustermanagement,BlackJack,1
aag-stage1,deploy,artifact-mgmt1,collection,BlackJack,1
aag-stage1,deploy,artifact-mgmt1,collectioninjector,BlackJack,1
aag-stage1,deploy,artifact-mgmt1,ecr-perms,BlackJack,1
aag-stage1,deploy,artifact-mgmt1,fcp-unzip,BlackJack,1
aag-stage1,deploy,artifact-mgmt1,helm-extractor,BlackJack,1
aag-stage1,deploy,artifact-mgmt1,madkub-injection-webhook,BlackJack,1
aag-stage1,deploy,artifact-mgmt1,madkub-watchdog,BlackJack,1
aag-stage1,deploy,artifact-mgmt1,metadata-concealer,BlackJack,1
aag-stage1,deploy,artifact-mgmt1,stampy-webhook,BlackJack,1
aag-stage1,deploy,artifact-mgmt1,stargate,BlackJack,1
aag-stage1,foundation,k8s,ajnaendpoint,BlackJack,1
aag-stage1,foundation,k8s,ajnakafka,BlackJack,1
aag-stage1,foundation,k8s,ajnakmf,BlackJack,1
aag-stage1,foundation,k8s,ajnaloadmgr,BlackJack,1
aag-stage1,foundation,k8s,ajnamirus,BlackJack,1
aag-stage1,foundation,k8s,clustermanagement,BlackJack,1
aag-stage1,foundation,k8s,collection,BlackJack,1
aag-stage1,foundation,k8s,collectioninjector,BlackJack,1
aag-stage1,foundation,k8s,madkub-injection-webhook,BlackJack,1
aag-stage1,foundation,k8s,madkub-watchdog,BlackJack,1
aag-stage1,foundation,k8s,metadata-concealer,BlackJack,1
aag-stage1,foundation,k8s,stampy-webhook,BlackJack,1
aag-stage1,foundation,c4ssh1,c4ssh,BlackJack,1
aag-stage1,foundation,c4ssh1,clustermanagement,BlackJack,1
aag-stage1,foundation,c4ssh1,collection,BlackJack,1
aag-stage1,foundation,c4ssh1,collectioninjector,BlackJack,1
aag-stage1,foundation,c4ssh1,madkub-injection-webhook,BlackJack,1
aag-stage1,foundation,c4ssh1,madkub-watchdog,BlackJack,1
aag-stage1,foundation,c4ssh1,metadata-concealer,BlackJack,1
aag-stage1,foundation,c4ssh1,stampy-webhook,BlackJack,1
aag-stage1,foundation,certserv,certificateservices,BlackJack,1
aag-stage1,foundation,certserv,clustermanagement,BlackJack,1
aag-stage1,foundation,certserv,collection,BlackJack,1
aag-stage1,foundation,certserv,collectioninjector,BlackJack,1
aag-stage1,foundation,certserv,madkub-injection-webhook,BlackJack,1
aag-stage1,foundation,certserv,madkub-watchdog,BlackJack,1
aag-stage1,foundation,certserv,metadata-concealer,BlackJack,1
aag-stage1,foundation,certserv,stampy-webhook,BlackJack,1
aag-stage1,foundation,fit1,clustermanagement,BlackJack,1
aag-stage1,foundation,fit1,collection,BlackJack,1
aag-stage1,foundation,fit1,collectioninjector,BlackJack,1
aag-stage1,foundation,fit1,fit-controller-service,BlackJack,1
aag-stage1,foundation,fit1,fit-results-publisher,BlackJack,1
aag-stage1,foundation,fit1,fit-test-twister,BlackJack,1
aag-stage1,foundation,fit1,integration-test-service,BlackJack,1
aag-stage1,foundation,fit1,madkub-injection-webhook,BlackJack,1
aag-stage1,foundation,fit1,madkub-watchdog,BlackJack,1
aag-stage1,foundation,fit1,metadata-concealer,BlackJack,1
aag-stage1,foundation,fit1,stampy-webhook,BlackJack,1
aag-stage1,foundation,jit1,clustermanagement,BlackJack,1
aag-stage1,foundation,jit1,collection,BlackJack,1
aag-stage1,foundation,jit1,collectioninjector,BlackJack,1
aag-stage1,foundation,jit1,jit,BlackJack,1
aag-stage1,foundation,jit1,madkub-injection-webhook,BlackJack,1
aag-stage1,foundation,jit1,madkub-watchdog,BlackJack,1
aag-stage1,foundation,jit1,metadata-concealer,BlackJack,1
aag-stage1,foundation,jit1,stampy-webhook,BlackJack,1
aag-stage1,foundation,magister-prod,clustermanagement,BlackJack,1
aag-stage1,foundation,magister-prod,collection,BlackJack,1
aag-stage1,foundation,magister-prod,collectioninjector,BlackJack,1
aag-stage1,foundation,magister-prod,madkub-injection-webhook,BlackJack,1
aag-stage1,foundation,magister-prod,madkub-watchdog,BlackJack,1
aag-stage1,foundation,magister-prod,magister,BlackJack,1
aag-stage1,foundation,magister-prod,metadata-concealer,BlackJack,1
aag-stage1,foundation,magister-prod,stampy-webhook,BlackJack,1
aag-stage1,foundation,magister-zc,clustermanagement,BlackJack,1
aag-stage1,foundation,magister-zc,collection,BlackJack,1
aag-stage1,foundation,magister-zc,collectioninjector,BlackJack,1
aag-stage1,foundation,magister-zc,madkub-injection-webhook,BlackJack,1
aag-stage1,foundation,magister-zc,madkub-watchdog,BlackJack,1
aag-stage1,foundation,magister-zc,magister,BlackJack,1
aag-stage1,foundation,magister-zc,metadata-concealer,BlackJack,1
aag-stage1,foundation,magister-zc,stampy-webhook,BlackJack,1
aag-stage1,foundation,pkip,clustermanagement,BlackJack,1
aag-stage1,foundation,pkip,collection,BlackJack,1
aag-stage1,foundation,pkip,collectioninjector,BlackJack,1
aag-stage1,foundation,pkip,madkub-injection-webhook,BlackJack,1
aag-stage1,foundation,pkip,madkub-watchdog,BlackJack,1
aag-stage1,foundation,pkip,metadata-concealer,BlackJack,1
aag-stage1,foundation,pkip,pkicontroller,BlackJack,1
aag-stage1,foundation,pkip,pkiinfra,BlackJack,1
aag-stage1,foundation,pkip,raphty,BlackJack,1
aag-stage1,foundation,pkip,stampy-webhook,BlackJack,1
aag-stage1,foundation,quantumk-a,clustermanagement,BlackJack,1
aag-stage1,foundation,quantumk-a,collection,BlackJack,1
aag-stage1,foundation,quantumk-a,collectioninjector,BlackJack,1
aag-stage1,foundation,quantumk-a,madkub-injection-webhook,BlackJack,1
aag-stage1,foundation,quantumk-a,madkub-watchdog,BlackJack,1
aag-stage1,foundation,quantumk-a,metadata-concealer,BlackJack,1
aag-stage1,foundation,quantumk-a,quantumk,BlackJack,1
aag-stage1,foundation,quantumk-a,stampy-webhook,BlackJack,1
aag-stage1,foundation,quantumk-b,clustermanagement,BlackJack,1
aag-stage1,foundation,quantumk-b,collection,BlackJack,1
aag-stage1,foundation,quantumk-b,collectioninjector,BlackJack,1
aag-stage1,foundation,quantumk-b,madkub-injection-webhook,BlackJack,1
aag-stage1,foundation,quantumk-b,madkub-watchdog,BlackJack,1
aag-stage1,foundation,quantumk-b,metadata-concealer,BlackJack,1
aag-stage1,foundation,quantumk-b,quantumk,BlackJack,1
aag-stage1,foundation,quantumk-b,stampy-webhook,BlackJack,1
aag-stage1,foundation,sam-control1,authzwebhook,BlackJack,1
aag-stage1,foundation,sam-control1,clustermanagement,BlackJack,1
aag-stage1,foundation,sam-control1,collection,BlackJack,1
aag-stage1,foundation,sam-control1,collectioninjector,BlackJack,1
aag-stage1,foundation,sam-control1,kubesyntheticscaler,BlackJack,1
aag-stage1,foundation,sam-control1,madkub-injection-webhook,BlackJack,1
aag-stage1,foundation,sam-control1,madkub-watchdog,BlackJack,1
aag-stage1,foundation,sam-control1,metadata-concealer,BlackJack,1
aag-stage1,foundation,sam-control1,sam,BlackJack,1
aag-stage1,foundation,sam-control1,spo,BlackJack,1
aag-stage1,foundation,sam-control1,stampy-webhook,BlackJack,1
aag-stage1,foundation,soterfalcon1,clustermanagement,BlackJack,1
aag-stage1,foundation,soterfalcon1,collection,BlackJack,1
aag-stage1,foundation,soterfalcon1,collectioninjector,BlackJack,1
aag-stage1,foundation,soterfalcon1,madkub-injection-webhook,BlackJack,1
aag-stage1,foundation,soterfalcon1,madkub-watchdog,BlackJack,1
aag-stage1,foundation,soterfalcon1,metadata-concealer,BlackJack,1
aag-stage1,foundation,soterfalcon1,soterfalcon,BlackJack,1
aag-stage1,foundation,soterfalcon1,stampy-webhook,BlackJack,1
aag-stage1,foundation,strauz-cluster,clustermanagement,BlackJack,1
aag-stage1,foundation,strauz-cluster,collection,BlackJack,1
aag-stage1,foundation,strauz-cluster,collectioninjector,BlackJack,1
aag-stage1,foundation,strauz-cluster,madkub-injection-webhook,BlackJack,1
aag-stage1,foundation,strauz-cluster,madkub-watchdog,BlackJack,1
aag-stage1,foundation,strauz-cluster,metadata-concealer,BlackJack,1
aag-stage1,foundation,strauz-cluster,stampy-webhook,BlackJack,1
aag-stage1,foundation,strauz-cluster,strauz,BlackJack,1
aag-stage1,foundation,iac,clustermanagement,BlackJack,1
aag-stage1,foundation,iac,collection,BlackJack,1
aag-stage1,foundation,iac,collectioninjector,BlackJack,1
aag-stage1,foundation,iac,madkub-injection-webhook,BlackJack,1
aag-stage1,foundation,iac,madkub-watchdog,BlackJack,1
aag-stage1,foundation,iac,metadata-concealer,BlackJack,1
aag-stage1,foundation,iac,registry,BlackJack,1
aag-stage1,foundation,iac,stampy-webhook,BlackJack,1
aag-stage1,foundation,iac,terraform,BlackJack,1
aag-stage1,foundation,tentacle1,clustermanagement,BlackJack,1
aag-stage1,foundation,tentacle1,collection,BlackJack,1
aag-stage1,foundation,tentacle1,collectioninjector,BlackJack,1
aag-stage1,foundation,tentacle1,madkub-injection-webhook,BlackJack,1
aag-stage1,foundation,tentacle1,madkub-watchdog,BlackJack,1
aag-stage1,foundation,tentacle1,metadata-concealer,BlackJack,1
aag-stage1,foundation,tentacle1,stampy-webhook,BlackJack,1
aag-stage1,foundation,tentacle1,tentacle,BlackJack,1
aag-stage1,unknown,resultng1,clustermanagement,BlackJack,1
aag-stage1,unknown,resultng1,collection,BlackJack,1
aag-stage1,unknown,resultng1,collectioninjector,BlackJack,1
aag-stage1,unknown,resultng1,madkub-injection-webhook,BlackJack,1
aag-stage1,unknown,resultng1,madkub-watchdog,BlackJack,1
aag-stage1,unknown,resultng1,metadata-concealer,BlackJack,1
aag-stage1,unknown,resultng1,resultng,BlackJack,1
aag-stage1,unknown,resultng1,stampy-webhook,BlackJack,1
aag-stage1,unknown,fit1,clustermanagement,BlackJack,1
aag-stage1,unknown,fit1,collection,BlackJack,1
aag-stage1,unknown,fit1,collectioninjector,BlackJack,1
aag-stage1,unknown,fit1,fit-controller-service,BlackJack,1
aag-stage1,unknown,fit1,fit-test-twister,BlackJack,1
aag-stage1,unknown,fit1,integration-test-service,BlackJack,1
aag-stage1,unknown,fit1,kaiju,BlackJack,1
aag-stage1,unknown,fit1,madkub-injection-webhook,BlackJack,1
aag-stage1,unknown,fit1,madkub-watchdog,BlackJack,1
aag-stage1,unknown,fit1,metadata-concealer,BlackJack,1
aag-stage1,unknown,fit1,stampy-webhook,BlackJack,1
aag-stage1,monitoring,k8s,ajnakafka,BlackJack,1
aag-stage1,monitoring,k8s,ajnakmf,BlackJack,1
aag-stage1,monitoring,k8s,ajnaloadmgr,BlackJack,1
aag-stage1,monitoring,k8s,ajnamirus,BlackJack,1
aag-stage1,monitoring,k8s,clustermanagement,BlackJack,1
aag-stage1,monitoring,k8s,collection,BlackJack,1
aag-stage1,monitoring,k8s,collectioninjector,BlackJack,1
aag-stage1,monitoring,k8s,madkub-injection-webhook,BlackJack,1
aag-stage1,monitoring,k8s,madkub-watchdog,BlackJack,1
aag-stage1,monitoring,k8s,metadata-concealer,BlackJack,1
aag-stage1,monitoring,k8s,stampy-webhook,BlackJack,1
aag-stage1,monitoring,collection1,cloudwatchexporter,BlackJack,1
aag-stage1,monitoring,collection1,clustermanagement,BlackJack,1
aag-stage1,monitoring,collection1,collection,BlackJack,1
aag-stage1,monitoring,collection1,collectioninjector,BlackJack,1
aag-stage1,monitoring,collection1,collectioninjectortest,BlackJack,1
aag-stage1,monitoring,collection1,madkub-injection-webhook,BlackJack,1
aag-stage1,monitoring,collection1,madkub-watchdog,BlackJack,1
aag-stage1,monitoring,collection1,metadata-concealer,BlackJack,1
aag-stage1,monitoring,collection1,stampy-webhook,BlackJack,1
aag-stage1,monitoring,fit1,clustermanagement,BlackJack,1
aag-stage1,monitoring,fit1,collection,BlackJack,1
aag-stage1,monitoring,fit1,collectioninjector,BlackJack,1
aag-stage1,monitoring,fit1,fit-controller-service,BlackJack,1
aag-stage1,monitoring,fit1,fit-test-twister,BlackJack,1
aag-stage1,monitoring,fit1,integration-test-service,BlackJack,1
aag-stage1,monitoring,fit1,madkub-injection-webhook,BlackJack,1
aag-stage1,monitoring,fit1,madkub-watchdog,BlackJack,1
aag-stage1,monitoring,fit1,metadata-concealer,BlackJack,1
aag-stage1,monitoring,fit1,stampy-webhook,BlackJack,1
aag-stage1,monitoring,funnel1,clustermanagement,BlackJack,1
aag-stage1,monitoring,funnel1,collection,BlackJack,1
aag-stage1,monitoring,funnel1,collectioninjector,BlackJack,1
aag-stage1,monitoring,funnel1,funnel,BlackJack,1
aag-stage1,monitoring,funnel1,funnellogs,BlackJack,1
aag-stage1,monitoring,funnel1,madkub-injection-webhook,BlackJack,1
aag-stage1,monitoring,funnel1,madkub-watchdog,BlackJack,1
aag-stage1,monitoring,funnel1,metadata-concealer,BlackJack,1
aag-stage1,monitoring,funnel1,stampy-webhook,BlackJack,1
aag-stage1,monitoring,splunkmadeira1,clustermanagement,BlackJack,1
aag-stage1,monitoring,splunkmadeira1,collection,BlackJack,1
aag-stage1,monitoring,splunkmadeira1,collectioninjector,BlackJack,1
aag-stage1,monitoring,splunkmadeira1,madkub-injection-webhook,BlackJack,1
aag-stage1,monitoring,splunkmadeira1,madkub-watchdog,BlackJack,1
aag-stage1,monitoring,splunkmadeira1,metadata-concealer,BlackJack,1
aag-stage1,monitoring,splunkmadeira1,splunkmadeira,BlackJack,1
aag-stage1,monitoring,splunkmadeira1,stampy-webhook,BlackJack,1
aag-stage1,monitoring,sam-log-mon1,authzwebhook,BlackJack,1
aag-stage1,monitoring,sam-log-mon1,clustermanagement,BlackJack,1
aag-stage1,monitoring,sam-log-mon1,collection,BlackJack,1
aag-stage1,monitoring,sam-log-mon1,collectioninjector,BlackJack,1
aag-stage1,monitoring,sam-log-mon1,collectioninjectortest,BlackJack,1
aag-stage1,monitoring,sam-log-mon1,hbase,BlackJack,1
aag-stage1,monitoring,sam-log-mon1,istio-operator,BlackJack,1
aag-stage1,monitoring,sam-log-mon1,istio-shipping,BlackJack,1
aag-stage1,monitoring,sam-log-mon1,kubesyntheticscaler,BlackJack,1
aag-stage1,monitoring,sam-log-mon1,madkub-injection-webhook,BlackJack,1
aag-stage1,monitoring,sam-log-mon1,madkub-watchdog,BlackJack,1
aag-stage1,monitoring,sam-log-mon1,metadata-concealer,BlackJack,1
aag-stage1,monitoring,sam-log-mon1,sam,BlackJack,1
aag-stage1,monitoring,sam-log-mon1,spo,BlackJack,1
aag-stage1,monitoring,sam-log-mon1,stampy-webhook,BlackJack,1
aag-stage1,monitoring,sam-processing1,argo-rollout,BlackJack,1
aag-stage1,monitoring,sam-processing1,authzwebhook,BlackJack,1
aag-stage1,monitoring,sam-processing1,clustermanagement,BlackJack,1
aag-stage1,monitoring,sam-processing1,collection,BlackJack,1
aag-stage1,monitoring,sam-processing1,collectioninjector,BlackJack,1
aag-stage1,monitoring,sam-processing1,collectioninjectortest,BlackJack,1
aag-stage1,monitoring,sam-processing1,fit-controller-service,BlackJack,1
aag-stage1,monitoring,sam-processing1,fit-test-twister,BlackJack,1
aag-stage1,monitoring,sam-processing1,ingressassistant,BlackJack,1
aag-stage1,monitoring,sam-processing1,ingressgateway,BlackJack,1
aag-stage1,monitoring,sam-processing1,integration-test-service,BlackJack,1
aag-stage1,monitoring,sam-processing1,istio-copilot,BlackJack,1
aag-stage1,monitoring,sam-processing1,istio-metrics-service,BlackJack,1
aag-stage1,monitoring,sam-processing1,istio-operator,BlackJack,1
aag-stage1,monitoring,sam-processing1,istio-ordering,BlackJack,1
aag-stage1,monitoring,sam-processing1,istio-shipping,BlackJack,1
aag-stage1,monitoring,sam-processing1,istiod,BlackJack,1
aag-stage1,monitoring,sam-processing1,kubesyntheticscaler,BlackJack,1
aag-stage1,monitoring,sam-processing1,madkub-injection-webhook,BlackJack,1
aag-stage1,monitoring,sam-processing1,madkub-watchdog,BlackJack,1
aag-stage1,monitoring,sam-processing1,mesh-operator,BlackJack,1
aag-stage1,monitoring,sam-processing1,metadata-concealer,BlackJack,1
aag-stage1,monitoring,sam-processing1,sam,BlackJack,1
aag-stage1,monitoring,sam-processing1,stampy-webhook,BlackJack,1
aag-stage1,pcs,k8s,ajnakafka,BlackJack,1
aag-stage1,pcs,k8s,ajnakmf,BlackJack,1
aag-stage1,pcs,k8s,ajnaloadmgr,BlackJack,1
aag-stage1,pcs,k8s,clustermanagement,BlackJack,1
aag-stage1,pcs,k8s,collection,BlackJack,1
aag-stage1,pcs,k8s,collectioninjector,BlackJack,1
aag-stage1,pcs,k8s,madkub-injection-webhook,BlackJack,1
aag-stage1,pcs,k8s,madkub-watchdog,BlackJack,1
aag-stage1,pcs,k8s,metadata-concealer,BlackJack,1
aag-stage1,pcs,k8s,stampy-webhook,BlackJack,1
aag-stage1,pcs,fit1,clustermanagement,BlackJack,1
aag-stage1,pcs,fit1,collection,BlackJack,1
aag-stage1,pcs,fit1,collectioninjector,BlackJack,1
aag-stage1,pcs,fit1,fit-controller-service,BlackJack,1
aag-stage1,pcs,fit1,fit-test-twister,BlackJack,1
aag-stage1,pcs,fit1,integration-test-service,BlackJack,1
aag-stage1,pcs,fit1,madkub-injection-webhook,BlackJack,1
aag-stage1,pcs,fit1,madkub-watchdog,BlackJack,1
aag-stage1,pcs,fit1,metadata-concealer,BlackJack,1
aag-stage1,pcs,fit1,stampy-webhook,BlackJack,1
aag-stage1,pcs,pcs-services1,clustermanagement,BlackJack,1
aag-stage1,pcs,pcs-services1,collection,BlackJack,1
aag-stage1,pcs,pcs-services1,collectioninjector,BlackJack,1
aag-stage1,pcs,pcs-services1,madkub-injection-webhook,BlackJack,1
aag-stage1,pcs,pcs-services1,madkub-watchdog,BlackJack,1
aag-stage1,pcs,pcs-services1,metadata-concealer,BlackJack,1
aag-stage1,pcs,pcs-services1,pcs,BlackJack,1
aag-stage1,pcs,pcs-services1,pcs-arc,BlackJack,1
aag-stage1,pcs,pcs-services1,pcs-gumberoo,BlackJack,1
aag-stage1,pcs,pcs-services1,pcs-hogs,BlackJack,1
aag-stage1,pcs,pcs-services1,pcs-majordomo,BlackJack,1
aag-stage1,pcs,pcs-services1,pcs-majordomo-operator,BlackJack,1
aag-stage1,pcs,pcs-services1,pcs-misr,BlackJack,1
aag-stage1,pcs,pcs-services1,pcs-tool,BlackJack,1
aag-stage1,pcs,pcs-services1,stampy-webhook,BlackJack,1
aag-stage1,secrets,fit1,clustermanagement,BlackJack,1
aag-stage1,secrets,fit1,collection,BlackJack,1
aag-stage1,secrets,fit1,collectioninjector,BlackJack,1
aag-stage1,secrets,fit1,fit-controller-service,BlackJack,1
aag-stage1,secrets,fit1,fit-test-twister,BlackJack,1
aag-stage1,secrets,fit1,integration-test-service,BlackJack,1
aag-stage1,secrets,fit1,madkub-injection-webhook,BlackJack,1
aag-stage1,secrets,fit1,madkub-watchdog,BlackJack,1
aag-stage1,secrets,fit1,metadata-concealer,BlackJack,1
aag-stage1,secrets,fit1,stampy-webhook,BlackJack,1
aag-stage1,secrets,vault-eks,clustermanagement,BlackJack,4
aag-stage1,secrets,vault-eks,collection,BlackJack,4
aag-stage1,secrets,vault-eks,collectioninjector,BlackJack,4
aag-stage1,secrets,vault-eks,madkub-injection-webhook,BlackJack,4
aag-stage1,secrets,vault-eks,madkub-watchdog,BlackJack,4
aag-stage1,secrets,vault-eks,metadata-concealer,BlackJack,4
aag-stage1,secrets,vault-eks,stampy-webhook,BlackJack,4
aag-stage1,secrets,vault-eks,vault,BlackJack,4
aag-stage1,secrets,vault-eks-zc,clustermanagement,BlackJack,4
aag-stage1,secrets,vault-eks-zc,collection,BlackJack,4
aag-stage1,secrets,vault-eks-zc,collectioninjector,BlackJack,4
aag-stage1,secrets,vault-eks-zc,madkub-injection-webhook,BlackJack,4
aag-stage1,secrets,vault-eks-zc,madkub-watchdog,BlackJack,4
aag-stage1,secrets,vault-eks-zc,metadata-concealer,BlackJack,4
aag-stage1,secrets,vault-eks-zc,stampy-webhook,BlackJack,4
aag-stage1,secrets,vault-eks-zc,vault,BlackJack,4
aag-stage1,tvm,fit1,clustermanagement,BlackJack,1
aag-stage1,tvm,fit1,collection,BlackJack,1
aag-stage1,tvm,fit1,collectioninjector,BlackJack,1
aag-stage1,tvm,fit1,fit-controller-service,BlackJack,1
aag-stage1,tvm,fit1,fit-test-twister,BlackJack,1
aag-stage1,tvm,fit1,integration-test-service,BlackJack,1
aag-stage1,tvm,fit1,madkub-injection-webhook,BlackJack,1
aag-stage1,tvm,fit1,madkub-watchdog,BlackJack,1
aag-stage1,tvm,fit1,metadata-concealer,BlackJack,1
aag-stage1,tvm,fit1,stampy-webhook,BlackJack,1
aag-stage1,tvm,sai-services1,clustermanagement,BlackJack,1
aag-stage1,tvm,sai-services1,collection,BlackJack,1
aag-stage1,tvm,sai-services1,collectioninjector,BlackJack,1
aag-stage1,tvm,sai-services1,madkub-injection-webhook,BlackJack,1
aag-stage1,tvm,sai-services1,madkub-watchdog,BlackJack,1
aag-stage1,tvm,sai-services1,metadata-concealer,BlackJack,1
aag-stage1,tvm,sai-services1,sai-gateway,BlackJack,1
aag-stage1,tvm,sai-services1,stampy-webhook,BlackJack,1
