service_name,parent_cloud,cloud,org_leader,team,commercial_prod_instances,commercial_fkp_instances,commercial_adoption_rate,govcloud_prod_instances,govcloud_fkp_instances,govcloud_adoption_rate
ace,GIA,GIA,Brad Arkin,GovSAE - ACE,2,2,100.0,1,1,100.0
ai-metadata-service,AI Cloud,Agentforce Foundations,Muralidhar Krishnaprasad,Einstein Metadata Management,38,0,0.0,3,0,0.0
ajna-self-service,Big Data & Observability,Ajna,Darryn Dieken,Ajna - Wrangler,175,0,0.0,10,0,0.0
ajnaendpoint,Big Data & Observability,Ajna,Darryn Dieken,Ajna - XP,75,0,0.0,6,0,0.0
ajnakafka,Big Data & Observability,Ajna,Darryn Dieken,Ajna - Core,188,0,0.0,20,0,0.0
ajnakmf,Big Data & Observability,Ajna,Darryn Dieken,Ajna - INI (Integrations and Infra),188,0,0.0,20,0,0.0
ajnalionsgate,Big Data & Observability,Ajna,Darryn Dieken,Ajna - Core,108,0,0.0,6,0,0.0
ajnaloadmgr,Big Data & Observability,Ajna,Darryn Dieken,Ajna - INI (Integrations and Infra),188,0,0.0,20,0,0.0
ajnamirus,Big Data & Observability,Ajna,Darryn Dieken,Ajna - Mirus,26,0,0.0,2,0,0.0
ajnatopicapi,Big Data & Observability,Ajna,Darryn Dieken,Ajna - Wrangler,90,0,0.0,12,0,0.0
ajnatopicdeployer,Big Data & Observability,Ajna,Darryn Dieken,Ajna - Wrangler,106,0,0.0,14,0,0.0
ajnawrangler,Big Data & Observability,Ajna,Darryn Dieken,Ajna - Wrangler,189,1,0.5,20,0,0.0
amg-topo-api,Reliable AI-Driven Developer eXperience (RADX),Developer Productivity Experience,Darryn Dieken,Artifact Metadata and Governance,4,2,50.0,2,2,100.0
amg-topo-tools,Reliable AI-Driven Developer eXperience (RADX),Developer Productivity Experience,Darryn Dieken,Artifact Metadata and Governance,4,2,50.0,2,2,100.0
anypoint-operator,HPS,HyperForce Runtime Platform,Paul Constantinides,Mesh API Runtime,222,222,100.0,15,15,100.0
api-service,AI Cloud,Agentforce Foundations,Muralidhar Krishnaprasad,Einstein Foundation Services,25,25,100.0,3,3,100.0
argo-rollout,Reliable AI-Driven Developer eXperience (RADX),Continuous Deployment,Darryn Dieken,SFCD Deployment Strategies,683,683,100.0,41,41,100.0
argo-workflows,HPS,HyperForce Runtime Platform,Paul Constantinides,Falcon Kubernetes Platform,26,26,100.0,2,2,100.0
auth-service,AI Cloud,Agentforce Foundations,Muralidhar Krishnaprasad,Einstein Foundation Services,27,27,100.0,3,3,100.0
baas,Reliable AI-Driven Developer eXperience (RADX),Developer Productivity Experience,Darryn Dieken,Falcon Application Services And Tooling - FAST,4,0,0.0,2,0,0.0
batch-ingestion-service,AI Cloud,Agentforce Foundations,Muralidhar Krishnaprasad,Einstein Data Services,24,24,100.0,1,1,100.0
bdmpresto,Unified Intelligence Platform,Salesforce Presto,Darryn Dieken,Interactive Analytics,23,23,100.0,2,2,100.0
bdmpresto-hive-metastore,Unified Intelligence Platform,Salesforce Presto,Darryn Dieken,Interactive Analytics,23,23,100.0,2,2,100.0
bdmpresto-superset,Unified Intelligence Platform,Salesforce Presto,Darryn Dieken,Interactive Analytics,2,2,100.0,2,2,100.0
beacons-control-box,D360,D360 Service Delivery,Muralidhar Krishnaprasad,MCI Service Delivery - DC Squad,39,0,0.0,3,0,0.0
bharosa,HPS,Hyperforce Trust Platform (HTP),Paul Constantinides,PKI - Foundations,26,26,100.0,1,1,100.0
bot-svc-agg,D360,Copilot Builder and Actions,Muralidhar Krishnaprasad,Einstein Copilot Analytics,9,9,100.0,3,3,100.0
bot-svc-agg-retry,D360,Copilot Builder and Actions,Muralidhar Krishnaprasad,Einstein Copilot Analytics,9,9,100.0,3,3,100.0
bot-svc-api,D360,Copilot + Bots Platform,Muralidhar Krishnaprasad,Chatbot Runtime,9,9,100.0,3,3,100.0
bot-svc-auth,D360,Copilot + Bots Platform,Muralidhar Krishnaprasad,Chatbot Runtime,9,9,100.0,3,3,100.0
bot-svc-engine,D360,Copilot + Bots Platform,Muralidhar Krishnaprasad,Chatbot Runtime,9,9,100.0,3,3,100.0
bot-svc-eventlogs,D360,Copilot Builder and Actions,Muralidhar Krishnaprasad,Einstein Copilot Analytics,9,9,100.0,3,3,100.0
bot-svc-eventlogs-retry,D360,Copilot Builder and Actions,Muralidhar Krishnaprasad,Einstein Copilot Analytics,9,9,100.0,3,3,100.0
bot-svc-llm,AI Cloud,Agentforce Foundations,Muralidhar Krishnaprasad,Einstein GPT Foundations,26,26,100.0,3,3,100.0
bot-svc-llmagent,D360,Copilot + Bots Platform,Muralidhar Krishnaprasad,Agentic Planner & Coordinator,28,28,100.0,3,3,100.0
bot-svc-ratelimit,D360,Copilot + Bots Platform,Muralidhar Krishnaprasad,Chatbot Runtime,9,9,100.0,3,3,100.0
bot-svc-worker,D360,Copilot + Bots Platform,Muralidhar Krishnaprasad,Chatbot Runtime,9,9,100.0,3,3,100.0
bundler-adapter-fedx,Field Service,Field Service Edge,Meir Amiel,CRE Field Service DevOps,5,5,100.0,4,4,100.0
bundler-avp-engine-fedx,Field Service,Field Service Edge,Meir Amiel,CRE Field Service DevOps,5,5,100.0,4,4,100.0
bundler-clustering-fedx,Field Service,Field Service Edge,Meir Amiel,CRE Field Service DevOps,5,5,100.0,4,4,100.0
bundler-manager-fedx,Field Service,Field Service Edge,Meir Amiel,CRE Field Service DevOps,5,5,100.0,4,4,100.0
c2c-hf,Platform Services,Identity Services,Muralidhar Krishnaprasad,Cloud to Cloud,5,5,100.0,2,2,100.0
caasla,HPS,HyperForce Runtime Platform,Paul Constantinides,Caching Services,25,25,100.0,4,4,100.0
caaspc,HPS,HyperForce Runtime Platform,Paul Constantinides,Caching Services,3,3,100.0,3,3,100.0
caasvb,HPS,HyperForce Runtime Platform,Paul Constantinides,Caching Services,1,1,100.0,4,4,100.0
cafe,Platform Services,Identity Services,Muralidhar Krishnaprasad,Cloud Atlas,5,5,100.0,2,2,100.0
cantor,HPS,Hyperscale Core CRM,Paul Constantinides,Warden AIOps Platform,27,27,100.0,6,6,100.0
ccp-esproxy,AI Cloud,Agentforce Foundations,Muralidhar Krishnaprasad,Einstein Compute,27,27,100.0,3,3,100.0
ccp-eventprocessor,AI Cloud,Agentforce Foundations,Muralidhar Krishnaprasad,Einstein Compute,25,25,100.0,3,3,100.0
ccp-jobstate,AI Cloud,Agentforce Foundations,Muralidhar Krishnaprasad,Einstein Compute,25,25,100.0,3,3,100.0
ccp-server,AI Cloud,Agentforce Foundations,Muralidhar Krishnaprasad,Einstein Compute,25,25,100.0,3,3,100.0
ccp-submitter,AI Cloud,Agentforce Foundations,Muralidhar Krishnaprasad,Einstein Compute,25,25,100.0,3,3,100.0
ccp-tracker,AI Cloud,Agentforce Foundations,Muralidhar Krishnaprasad,Einstein Compute,25,25,100.0,3,3,100.0
cdp-actions-service,D360,D360 Customer Data Platform (CDP),Muralidhar Krishnaprasad,CDP Actions Engine (Core + Off Core),38,0,0.0,3,0,0.0
cdp-activation-service,D360,D360 Customer Data Platform (CDP),Muralidhar Krishnaprasad,CDP_Activation,146,0,0.0,3,0,0.0
cdp-admin-service,D360,D360 Customer Data Platform (CDP),Muralidhar Krishnaprasad,CDP_Admin_Services,40,0,0.0,3,0,0.0
cdp-airflow-service,D360,D360 Customer Data Platform (CDP),Muralidhar Krishnaprasad,CDP Admin Services - India,39,0,0.0,3,0,0.0
cdp-authentication-service,D360,D360 Customer Data Platform (CDP),Muralidhar Krishnaprasad,CDP Service Protection,40,0,0.0,3,0,0.0
cdp-beacon-ingress-gateway,D360,D360 Service Delivery,Muralidhar Krishnaprasad,Data Cloud Istio,39,0,0.0,3,0,0.0
cdp-beacon-istio,D360,D360 Service Delivery,Muralidhar Krishnaprasad,Data Cloud Istio,39,0,0.0,3,0,0.0
cdp-beacon-metrics-scraper,D360,D360 Service Delivery,Muralidhar Krishnaprasad,Data Cloud Istio,39,0,0.0,3,0,0.0
cdp-billing-service,D360,D360 Customer Data Platform (CDP),Muralidhar Krishnaprasad,Data Cloud Usage Telemetry Collection and Reporting,40,0,0.0,3,0,0.0
cdp-control-box,D360,D360 Service Delivery,Muralidhar Krishnaprasad,MCI Service Delivery - DC Squad,41,1,2.4,3,0,0.0
cdp-data-capture-eks,D360,D360 Customer Data Platform (CDP),Muralidhar Krishnaprasad,Fredericton Express,39,0,0.0,3,0,0.0
cdp-data-connectors,D360,D360 Customer Data Platform (CDP),Muralidhar Krishnaprasad,CDP Connectors Framework (off-core),38,0,0.0,3,0,0.0
cdp-data-connectors-jobs,D360,D360 Customer Data Platform (CDP),Muralidhar Krishnaprasad,CDP Connectors Framework (off-core),107,0,0.0,2,0,0.0
cdp-data-extractor-crm-service,D360,D360 Customer Data Platform (CDP),Muralidhar Krishnaprasad,CDP CRM 2,38,0,0.0,3,0,0.0
cdp-data-extractor-dispatcher,D360,D360 Customer Data Platform (CDP),Muralidhar Krishnaprasad,CDP CRM 2,38,0,0.0,3,0,0.0
cdp-data-extractor-events,D360,D360 Customer Data Platform (CDP),Muralidhar Krishnaprasad,Fredericton Express,143,0,0.0,3,0,0.0
cdp-data-ingestion-service,D360,D360 Customer Data Platform (CDP),Muralidhar Krishnaprasad,Fredericton Express,77,0,0.0,6,0,0.0
cdp-data-prep,D360,D360 Customer Data Platform (CDP),Muralidhar Krishnaprasad,CDP_DataPrep,149,0,0.0,6,0,0.0
cdp-data-processing-controller,D360,D360 Customer Data Platform (CDP),Muralidhar Krishnaprasad,CDP_Fabric,189,0,0.0,8,0,0.0
cdp-data-service,D360,D360 Customer Data Platform (CDP),Muralidhar Krishnaprasad,CDP_Data_Services,149,0,0.0,5,0,0.0
cdp-data-sync-service,D360,D360 Customer Data Platform (CDP),Muralidhar Krishnaprasad,CDP_Lakehouse,38,0,0.0,3,0,0.0
cdp-data-transformation-service,D360,D360 Customer Data Platform (CDP),Muralidhar Krishnaprasad,CDP_MC_Streaming,133,0,0.0,6,0,0.0
cdp-dpc-eks,D360,D360 Customer Data Platform (CDP),Muralidhar Krishnaprasad,CDP_Fabric,30,0,0.0,3,0,0.0
cdp-eks,D360,D360 Service Delivery,Muralidhar Krishnaprasad,Data Cloud Platform Engineering,40,0,0.0,3,0,0.0
cdp-envoy-metrics-scraper,D360,D360 Service Delivery,Muralidhar Krishnaprasad,Data Cloud Istio,78,0,0.0,3,0,0.0
cdp-gdpr-service,D360,D360 Customer Data Platform (CDP),Muralidhar Krishnaprasad,CDP_Admin_Services,145,0,0.0,3,0,0.0
cdp-geo-provisioning-service,D360,D360 Customer Data Platform (CDP),Muralidhar Krishnaprasad,CDP_Admin_Services,21,0,0.0,3,0,0.0
cdp-hyperdb,D360,D360 Query,Muralidhar Krishnaprasad,Hyper Database - Engine,38,0,0.0,3,0,0.0
cdp-iceberg-explorer,D360,D360 Customer Data Platform (CDP),Muralidhar Krishnaprasad,CDP_Lakehouse,39,0,0.0,3,0,0.0
cdp-inference-engine,D360,D360 Customer Data Platform (CDP),Muralidhar Krishnaprasad,CDP Inference Engine,185,0,0.0,8,0,0.0
cdp-infra,D360,D360 Service Delivery,Muralidhar Krishnaprasad,Data Cloud Platform Engineering,40,0,0.0,3,0,0.0
cdp-insights-engine,D360,D360 Customer Data Platform (CDP),Muralidhar Krishnaprasad,CDP_InsightsEngine,142,0,0.0,5,0,0.0
cdp-internal-ingress-gateway,D360,D360 Service Delivery,Muralidhar Krishnaprasad,Data Cloud Istio,80,0,0.0,6,0,0.0
cdp-istio,D360,D360 Service Delivery,Muralidhar Krishnaprasad,Data Cloud Istio,80,0,0.0,6,0,0.0
cdp-istio-ingress-gateway,D360,D360 Service Delivery,Muralidhar Krishnaprasad,Data Cloud Istio,40,0,0.0,3,0,0.0
cdp-job-uploader,D360,D360 Service Delivery,Muralidhar Krishnaprasad,Data Cloud Platform Engineering,3,0,0.0,1,0,0.0
cdp-keda,D360,D360 Service Delivery,Muralidhar Krishnaprasad,Data Cloud Platform Engineering,40,0,0.0,3,0,0.0
cdp-metadata-service,D360,D360 Customer Data Platform (CDP),Muralidhar Krishnaprasad,CDP_Metadata_Service,149,0,0.0,6,0,0.0
cdp-mgmt-jit-ui,D360,D360 Service Delivery,Muralidhar Krishnaprasad,Data Cloud Platform Engineering,39,0,0.0,3,0,0.0
cdp-multiorg-service,D360,D360 Customer Data Platform (CDP),Muralidhar Krishnaprasad,CDP Multi Org Data Cloud,38,0,0.0,3,0,0.0
cdp-partner-activation-service,D360,D360 Customer Data Platform (CDP),Muralidhar Krishnaprasad,CDP Strategic Partners,38,0,0.0,3,0,0.0
cdp-policy-engine,D360,D360 Customer Data Platform (CDP),Muralidhar Krishnaprasad,CDP Service Protection,39,0,0.0,3,0,0.0
cdp-pra-istio-ingress-gateway,D360,D360 Service Delivery,Muralidhar Krishnaprasad,Data Cloud Istio,40,0,0.0,3,0,0.0
cdp-profile-engine,D360,D360 Customer Data Platform (CDP),Muralidhar Krishnaprasad,CDP_Profile_Engine,145,0,0.0,5,0,0.0
cdp-query-federator,D360,D360 Query,Muralidhar Krishnaprasad,CDP Query Service,37,0,0.0,2,0,0.0
cdp-query-service,D360,D360 Query,Muralidhar Krishnaprasad,CDP Query Service,78,0,0.0,6,0,0.0
cdp-realtime-mgmt-service,D360,D360 Customer Data Platform (CDP),Muralidhar Krishnaprasad,Data Cloud Real Time Consumption and Infra,180,0,0.0,7,0,0.0
cdp-realtime-service,D360,D360 Customer Data Platform (CDP),Muralidhar Krishnaprasad,Data Cloud Real Time Consumption and Infra,38,0,0.0,3,0,0.0
cdp-scheduler-service,D360,D360 Customer Data Platform (CDP),Muralidhar Krishnaprasad,CDP_Admin_Services,39,0,0.0,3,0,0.0
cdp-segmentation-service,D360,D360 Customer Data Platform (CDP),Muralidhar Krishnaprasad,CDP_Segmentation,126,0,0.0,5,0,0.0
cdp-settingspath-injector,D360,D360 Service Delivery,Muralidhar Krishnaprasad,Data Cloud Platform Engineering,40,0,0.0,3,0,0.0
certificateservices,HPS,Hyperforce Trust Platform (HTP),Paul Constantinides,PKI - RA,25,0,0.0,2,0,0.0
chronicle-alert-router,HPS,SDB,Paul Constantinides,CRM Infra Monitoring Platform (CMP),27,27,100.0,4,4,100.0
chronicle-alertmanager,HPS,SDB,Paul Constantinides,CRM Infra Monitoring Platform (CMP),27,27,100.0,4,4,100.0
chronicle-argus-adapter,HPS,SDB,Paul Constantinides,CRM Infra Monitoring Platform (CMP),26,26,100.0,4,4,100.0
chronicle-cloudwatch-exporter,HPS,SDB,Paul Constantinides,CRM Infra Monitoring Platform (CMP),26,26,100.0,4,4,100.0
chronicle-grafana,HPS,SDB,Paul Constantinides,CRM Infra Monitoring Platform (CMP),27,27,100.0,4,4,100.0
chronicle-loki,HPS,SDB,Paul Constantinides,CRM Infra Monitoring Platform (CMP),26,26,100.0,4,4,100.0
chronicle-oracle-exporter,HPS,SDB,Paul Constantinides,CRM Infra Monitoring Platform (CMP),27,27,100.0,4,4,100.0
chronicle-orchestrator,HPS,SDB,Paul Constantinides,CRM Infra Monitoring Platform (CMP),27,27,100.0,4,4,100.0
chronicle-server,HPS,SDB,Paul Constantinides,CRM Infra Monitoring Platform (CMP),27,27,100.0,4,4,100.0
chronicle-zk,HPS,SDB,Paul Constantinides,CRM Infra Monitoring Platform (CMP),27,27,100.0,4,4,100.0
ciaccdisc,HPS,SDB,Paul Constantinides,HASE,26,26,100.0,4,4,100.0
clm-docgen-service,Revenue,Contracts,Ramesh Ragineni,industries-clm-warriors,25,25,100.0,4,4,100.0
clm-pdfgen-service,Revenue,Contracts,Ramesh Ragineni,industries-clm-warriors,25,25,100.0,4,4,100.0
cloudwatchexporter,Big Data & Observability,Monitoring Cloud,Darryn Dieken,Monitoring Agent,26,0,0.0,2,0,0.0
copilot-p13n,D360,Copilot Builder and Actions,Muralidhar Krishnaprasad,Copilot Personalization,37,37,100.0,3,3,100.0
coreapp,HPS,Hyperscale Core CRM,Paul Constantinides,Core on SAM,40,40,100.0,4,4,100.0
credential-service,D360,D360 Customer Data Platform (CDP),Muralidhar Krishnaprasad,CDP Service Protection,39,0,0.0,3,0,0.0
crrs-fsfo-observer,HPS,SDB,Paul Constantinides,CRM DB Replication and Recovery as a Service (CRRS),25,25,100.0,4,4,100.0
dapp,HPS,Hyperscale Core CRM,Paul Constantinides,Core on SAM,18,18,100.0,2,2,100.0
data-cloud-cdp-fabric-access,D360,D360 Customer Data Platform (CDP),Muralidhar Krishnaprasad,CDP_Fabric,39,0,0.0,3,0,0.0
data-cloud-segment-gen-ai,D360,D360 Customer Data Platform (CDP),Muralidhar Krishnaprasad,Gen-AI,40,40,100.0,3,3,100.0
data-prism,Search,Search,Muralidhar Krishnaprasad,GenAI Intelligence Data Orchestration,37,37,100.0,3,3,100.0
dbschema-upgrade,HPS,App Data Services,Paul Constantinides,DB Schema,27,27,100.0,5,5,100.0
dnr-partitioner,GIA,Secure Stack Engineering,Brad Arkin,TIP Log Platform - Collect,2,2,100.0,2,2,100.0
dnr-search-troll,GIA,Secure Stack Engineering,Brad Arkin,TIP Search Experience,2,2,100.0,2,2,100.0
dnrdp-orion,GIA,Secure Stack Engineering,Brad Arkin,TIP Detection Platform - Detection Engines,2,2,100.0,2,2,100.0
e360-api-service,Service,Digital Engagement,Meir Amiel,E360 Platform Inbound Shaolin,36,36,100.0,3,3,100.0
e360-email-service,Marketing Tech Cloud,In Market Messaging Services,Meir Amiel,E360 Messaging Email,37,37,100.0,3,3,100.0
e360-metadata-service,Service,Digital Engagement,Meir Amiel,E360 Messaging WhatsApp Channel,36,36,100.0,3,3,100.0
e360-queue-manager-service,Service,Next Gen Messaging Services,Meir Amiel,E360-Brokkr-Messaging,36,36,100.0,3,3,100.0
e360-sms-service,Service,Digital Engagement,Meir Amiel,E360-SMS-Messaging,37,37,100.0,3,3,100.0
e360-tracking-service,Service,Digital Engagement,Meir Amiel,E360-SMS-Messaging,37,37,100.0,3,3,100.0
e360-whatsapp,Service,Digital Engagement,Meir Amiel,E360 Messaging WhatsApp Channel,36,36,100.0,1,1,100.0
e360-worker,Service,Next Gen Messaging Services,Meir Amiel,E360-Brokkr-Messaging,37,37,100.0,3,3,100.0
eaas,HPS,Hyperforce Trust Platform (HTP),Paul Constantinides,Email Infrastructure,26,26,100.0,4,4,100.0
edc-director,AI Cloud,Agentforce Foundations,Muralidhar Krishnaprasad,CDP EDC Inference,38,0,0.0,3,0,0.0
edc-inference,AI Cloud,Agentforce Foundations,Muralidhar Krishnaprasad,CDP EDC Inference,37,0,0.0,3,0,0.0
edc-model-builder,AI Cloud,Agentforce Foundations,Muralidhar Krishnaprasad,CDP EDC Model Building,80,0,0.0,3,0,0.0
eflow-flow-history,AI Cloud,Agentforce Foundations,Muralidhar Krishnaprasad,Einstein Orchestration,25,25,100.0,3,3,100.0
eflow-orchestration,AI Cloud,Agentforce Foundations,Muralidhar Krishnaprasad,Einstein Orchestration,27,27,100.0,3,3,100.0
eflow-scheduler,AI Cloud,Agentforce Foundations,Muralidhar Krishnaprasad,Einstein Orchestration,25,25,100.0,3,3,100.0
egpt-svc-feedback,AI Cloud,Agentforce Foundations,Muralidhar Krishnaprasad,Einstein GPT Foundations,27,27,100.0,3,3,100.0
einstein-ai-gateway,AI Cloud,Agentforce Foundations,Muralidhar Krishnaprasad,CDP EDC Inference,64,64,100.0,5,5,100.0
einstein-transcribe,D360,Copilot Builder and Actions,Muralidhar Krishnaprasad,Einstein Transcribe,27,27,100.0,4,4,100.0
eventbusapi,Platform Services,Integration and Events,Muralidhar Krishnaprasad,Event Bus API,23,23,100.0,3,3,100.0
eventbusruntime,Platform Services,Integration and Events,Muralidhar Krishnaprasad,Event Bus,25,25,100.0,3,3,100.0
evf-service,D360,Copilot Builder and Actions,Muralidhar Krishnaprasad,Einstein Copilot Analytics,27,27,100.0,3,3,100.0
fawkes-api,HPS,Hyperscale Core CRM,Paul Constantinides,Warden AIOps Platform,2,2,100.0,2,2,100.0
fawkes-mongo,HPS,Hyperscale Core CRM,Paul Constantinides,Warden AIOps Platform,2,2,100.0,2,2,100.0
fawkes-mq,HPS,Hyperscale Core CRM,Paul Constantinides,Warden AIOps Platform,2,2,100.0,2,2,100.0
fawkes-platform,HPS,Hyperscale Core CRM,Paul Constantinides,Warden AIOps Platform,2,2,100.0,2,2,100.0
fawkes-ui,HPS,Hyperscale Core CRM,Paul Constantinides,Warden AIOps Platform,2,2,100.0,2,2,100.0
fawkes-workflowui,HPS,Hyperscale Core CRM,Paul Constantinides,Warden AIOps Platform,2,2,100.0,2,2,100.0
fees,Infrastructure Lifecycle Mgmt (ILM),Site Reliability Engineering,Darryn Dieken,CP Site Reliability Engineering,2,2,100.0,1,1,100.0
fit-controller-service,Reliable AI-Driven Developer eXperience (RADX),Developer Productivity Experience,Darryn Dieken,Falcon Integration Testing (FIT),550,304,55.3,55,32,58.2
fit-gdot-service,Reliable AI-Driven Developer eXperience (RADX),Developer Productivity Experience,Darryn Dieken,Falcon Integration Testing (FIT),43,43,100.0,4,4,100.0
fit-results-publisher,Reliable AI-Driven Developer eXperience (RADX),Developer Productivity Experience,Darryn Dieken,Falcon Integration Testing (FIT),28,1,3.6,2,0,0.0
fit-test-twister,Reliable AI-Driven Developer eXperience (RADX),Developer Productivity Experience,Darryn Dieken,Falcon Integration Testing (FIT),548,304,55.5,55,32,58.2
fit-validator,Reliable AI-Driven Developer eXperience (RADX),Developer Productivity Experience,Darryn Dieken,Falcon Integration Testing (FIT),426,282,66.2,30,21,70.0
flowsnake-impersonation-proxy,Unified Intelligence Platform,Flowsnake,Darryn Dieken,Flowsnake,132,76,57.6,14,14,100.0
fmapids,Reliable AI-Driven Developer eXperience (RADX),Continuous Provisioning,Darryn Dieken,FMT (Falcon Metadata Tool),3,3,100.0,2,2,100.0
fmapigw,Reliable AI-Driven Developer eXperience (RADX),Continuous Provisioning,Darryn Dieken,FMT (Falcon Metadata Tool),4,4,100.0,2,2,100.0
fmt-tooling,Reliable AI-Driven Developer eXperience (RADX),Continuous Provisioning,Darryn Dieken,FMT (Falcon Metadata Tool),3,3,100.0,2,2,100.0
fmtetl,Reliable AI-Driven Developer eXperience (RADX),Continuous Provisioning,Darryn Dieken,FMT (Falcon Metadata Tool),3,3,100.0,2,2,100.0
fs-flowsnake,Unified Intelligence Platform,Flowsnake,Darryn Dieken,Flowsnake,130,76,58.5,10,10,100.0
funnel,Big Data & Observability,Monitoring Cloud,Darryn Dieken,Funnel,53,27,50.9,4,0,0.0
funnelevents,Big Data & Observability,Monitoring Cloud,Darryn Dieken,Funnel,53,27,50.9,2,0,0.0
funnellogs,Big Data & Observability,Monitoring Cloud,Darryn Dieken,Funnel,53,27,50.9,4,0,0.0
fwe-o2-engine,Field Service,Field Service Lightning,Meir Amiel,Optimization Engineering,5,5,100.0,4,4,100.0
fwe-o2-matrix,Field Service,Field Service Lightning,Meir Amiel,Optimization Engineering,5,5,100.0,4,4,100.0
fwe-o2-osrm-north-america,Field Service,Field Service Lightning,Meir Amiel,Optimization Engineering,5,5,100.0,4,4,100.0
fwe-o2-s2pip,Field Service,Field Service Lightning,Meir Amiel,Optimization Engineering,5,5,100.0,4,4,100.0
fwe-platform-ft,Field Service,Field Service Edge,Meir Amiel,CRE Field Service DevOps,10,10,100.0,4,4,100.0
graph-execution-service,AI Cloud,Agentforce Foundations,Muralidhar Krishnaprasad,Einstein ML Services,27,27,100.0,3,3,100.0
gridforce,Big Data & Observability,HBase & Phoenix,Darryn Dieken,Gridforce - Hadoop,25,0,0.0,4,4,100.0
gridforce-orca,Unified Intelligence Platform,Salesforce Airflow,Darryn Dieken,Salesforce Airflow,41,38,92.7,2,2,100.0
grls-operator,HPS,App Data Services,Paul Constantinides,HRMS (fka Core Service Protection / CSP),72,72,100.0,4,4,100.0
hawking-ai-observability,D360,Copilot Builder and Actions,Muralidhar Krishnaprasad,SF Eval No Code,25,25,100.0,3,3,100.0
hawking-app-deployment,AI Cloud,Agentforce Foundations,Muralidhar Krishnaprasad,Einstein Infra Israel,27,27,100.0,4,4,100.0
hawking-compute-eks,AI Cloud,Agentforce Foundations,Muralidhar Krishnaprasad,Einstein Infra US,28,0,0.0,3,0,0.0
hawking-compute-proxy,AI Cloud,Agentforce Foundations,Muralidhar Krishnaprasad,Einstein Compute,27,0,0.0,3,0,0.0
hawking-feast-core,AI Cloud,Agentforce Foundations,Muralidhar Krishnaprasad,AI Platform Feature Store & Feature Engineering Framework,21,21,100.0,2,2,100.0
hawking-feast-serving,AI Cloud,Agentforce Foundations,Muralidhar Krishnaprasad,AI Platform Feature Store & Feature Engineering Framework,21,21,100.0,2,2,100.0
hawking-istio-igw,AI Cloud,Agentforce Foundations,Muralidhar Krishnaprasad,Einstein Infra US,25,0,0.0,3,0,0.0
hawking-istio-operator,AI Cloud,Agentforce Foundations,Muralidhar Krishnaprasad,Einstein Infra US,25,0,0.0,3,0,0.0
hawking-istiod,AI Cloud,Agentforce Foundations,Muralidhar Krishnaprasad,Einstein Infra US,25,0,0.0,3,0,0.0
hawking-ml-console,AI Cloud,Agentforce Foundations,Muralidhar Krishnaprasad,AI Platform ML Console,27,27,100.0,4,4,100.0
hawking-oauth2,AI Cloud,Agentforce Foundations,Muralidhar Krishnaprasad,Kleiner - Service AI,25,0,0.0,3,0,0.0
hbase,Big Data & Observability,HBase & Phoenix,Darryn Dieken,HBase - Public Cloud,106,33,31.1,11,11,100.0
high-scale-flow,Marketing,C360 Flow,Meir Amiel,C360 High Scale Flow,32,32,100.0,3,3,100.0
hmrapp,Platform Services,Integration and Events,Muralidhar Krishnaprasad,Continuous Hammer,2,2,100.0,1,1,100.0
hyperforce-service-protection,HPS,App Data Services,Paul Constantinides,HRMS (fka Core Service Protection / CSP),72,72,100.0,4,4,100.0
inbound-mta,HPS,Hyperforce Trust Platform (HTP),Paul Constantinides,Email Infrastructure,25,25,100.0,4,4,100.0
ingressassistant,HPS,HyperForce Runtime Platform,Paul Constantinides,Ingress Gateway,380,380,100.0,37,37,100.0
ingressgateway,HPS,HyperForce Runtime Platform,Paul Constantinides,Ingress Gateway,383,383,100.0,37,37,100.0
integration-test-service,Reliable AI-Driven Developer eXperience (RADX),Developer Productivity Experience,Darryn Dieken,Falcon Integration Testing (FIT),671,304,45.3,59,32,54.2
interactive-data-science,AI Cloud,Agentforce Foundations,Muralidhar Krishnaprasad,Einstein Interactive Data Science,27,27,100.0,3,3,100.0
istio-copilot,HPS,HyperForce Runtime Platform,Paul Constantinides,Mesh Integrations,382,382,100.0,38,38,100.0
istio-metrics-service,HPS,HyperForce Runtime Platform,Paul Constantinides,Service Mesh,385,385,100.0,38,38,100.0
istio-operator,HPS,HyperForce Runtime Platform,Paul Constantinides,Mesh Control Plane,742,742,100.0,66,66,100.0
istio-ordering,HPS,HyperForce Runtime Platform,Paul Constantinides,Mesh Control Plane,393,393,100.0,38,38,100.0
istio-route-update-service,HPS,HyperForce Runtime Platform,Paul Constantinides,Mesh Control Plane,42,42,100.0,6,6,100.0
istio-shipping,HPS,HyperForce Runtime Platform,Paul Constantinides,Mesh Control Plane,739,739,100.0,66,66,100.0
istiod,HPS,HyperForce Runtime Platform,Paul Constantinides,Mesh Control Plane,446,446,100.0,38,38,100.0
jarvisapiserver,HPS,SDB,Paul Constantinides,HASE,25,25,100.0,4,4,100.0
jarviscoordinator,HPS,SDB,Paul Constantinides,HASE,26,26,100.0,5,5,100.0
jarvisstatusreporter,HPS,SDB,Paul Constantinides,HASE,26,26,100.0,5,5,100.0
jarvisstoragemanager,HPS,SDB,Paul Constantinides,HASE,27,27,100.0,5,5,100.0
jit,HPS,Hyperforce Trust Platform (HTP),Paul Constantinides,IAM - JIT Data Plane,2,2,100.0,2,0,0.0
keystone-async-proc,HPS,App Data Services,Paul Constantinides,Keystone Catalog,3,3,100.0,3,3,100.0
kraken,GIA,Secure Stack Engineering,Brad Arkin,AST - Application Security Technology,4,2,50.0,2,0,0.0
kube-pod-recycler,HPS,HyperForce Runtime Platform,Paul Constantinides,FKP Control Plane,70,70,100.0,66,66,100.0
mai-acdc,Marketing,MC Einstein,Meir Amiel,MC Einstein - Kernel,32,32,100.0,2,2,100.0
mai-castle-black,Marketing,MC Einstein,Meir Amiel,MC Einstein - Kernel,32,32,100.0,2,2,100.0
mai-gateway,Marketing,MC Einstein,Meir Amiel,MC Einstein Gambit,32,32,100.0,2,2,100.0
mai-goodbye,Marketing,MC Einstein,Meir Amiel,MC Einstein Gambit,32,32,100.0,2,2,100.0
mai-orchard,Marketing,MC Einstein,Meir Amiel,MC Einstein - Kernel,32,32,100.0,2,2,100.0
mai-sprinkler,Marketing,MC Einstein,Meir Amiel,MC Einstein - Kernel,32,32,100.0,2,2,100.0
maiev-receiver,HPS,Hyperscale Core CRM,Paul Constantinides,Warden AIOps Platform,27,27,100.0,6,6,100.0
maps,HPS,HyperForce Runtime Platform,Paul Constantinides,Message Queue,5,5,100.0,2,2,100.0
mce-acdc,Marketing,MC Einstein,Meir Amiel,MC Einstein - Kernel,21,0,0.0,3,0,0.0
mce-api-gateway,Marketing,MC Einstein,Meir Amiel,MC Einstein Gambit,27,0,0.0,3,0,0.0
mce-castle-black,Marketing,MC Einstein,Meir Amiel,MC Einstein - Kernel,22,0,0.0,3,0,0.0
mce-compute,Marketing,MC Einstein,Meir Amiel,MC Einstein - Kernel,13,0,0.0,3,0,0.0
mce-control-pod,Marketing,MC Einstein,Meir Amiel,MC Einstein & Measurement Platform,31,0,0.0,3,0,0.0
mce-deviner,Marketing,MC Einstein,Meir Amiel,MC Einstein - Kernel,21,0,0.0,2,0,0.0
mce-eks,Marketing,MC Einstein,Meir Amiel,MC Einstein & Measurement Platform,31,0,0.0,3,0,0.0
mce-envoy-metrics-scraper,Marketing,MC Einstein,Meir Amiel,MC Einstein & Measurement Platform,31,0,0.0,3,0,0.0
mce-goodbye,Marketing,MC Einstein,Meir Amiel,MC Einstein Gambit,28,0,0.0,3,0,0.0
mce-hermes-service,Marketing,MC Einstein,Meir Amiel,MC Einstein & Measurement Platform,31,0,0.0,3,0,0.0
mce-internal-ingress-gateway,Marketing,MC Einstein,Meir Amiel,MC Einstein & Measurement Platform,31,0,0.0,3,0,0.0
mce-istio,Marketing,MC Einstein,Meir Amiel,MC Einstein & Measurement Platform,31,0,0.0,3,0,0.0
mce-metrics-guard,Marketing,MC Einstein,Meir Amiel,MC Einstein - Kernel,33,33,100.0,3,3,100.0
mce-orchard,Marketing,MC Einstein,Meir Amiel,MC Einstein - Kernel,21,0,0.0,3,0,0.0
mce-provisioner,Marketing,MC Einstein,Meir Amiel,MC Einstein Insights,28,0,0.0,3,0,0.0
mce-sprinkler,Marketing,MC Einstein,Meir Amiel,MC Einstein - Kernel,21,0,0.0,3,0,0.0
mce-sto-service,Marketing,MC Einstein,Meir Amiel,MC Einstein Insights,30,0,0.0,3,0,0.0
mce-sto-worker,Marketing,MC Einstein,Meir Amiel,MC Einstein Insights,30,0,0.0,3,0,0.0
mediaservicefd,AI Application Development,Unified Experience & Authoring Platform,Muralidhar Krishnaprasad,CMS Core,25,25,100.0,4,4,100.0
mesh-operator,HPS,HyperForce Runtime Platform,Paul Constantinides,Mesh Control Plane,382,382,100.0,38,38,100.0
ml-res-evaluator,D360,Copilot Builder and Actions,Muralidhar Krishnaprasad,SF Eval No Code,25,25,100.0,3,3,100.0
mllake,AI Cloud,Agentforce Foundations,Muralidhar Krishnaprasad,Einstein Data & SDK,25,25,100.0,3,3,100.0
modelstore,AI Cloud,Agentforce Foundations,Muralidhar Krishnaprasad,Einstein Orchestration,25,25,100.0,3,3,100.0
mvs,AI Cloud,Agentforce Foundations,Muralidhar Krishnaprasad,Einstein Metadata Management,27,27,100.0,3,3,100.0
notebook,AI Cloud,Agentforce Foundations,Muralidhar Krishnaprasad,Einstein Interactive Data Science,21,0,0.0,3,0,0.0
ois,Field Service,Field Service Edge,Meir Amiel,CRE Field Service DevOps,6,6,100.0,4,4,100.0
onyx-agent,HPS,Hyperforce Trust Platform (HTP),Paul Constantinides,SFMP,26,26,100.0,2,2,100.0
onyx-engine,HPS,Hyperforce Trust Platform (HTP),Paul Constantinides,SFMP,3,3,100.0,2,2,100.0
onyx-engine-control-pod,HPS,Hyperforce Trust Platform (HTP),Paul Constantinides,SFMP,3,3,100.0,2,2,100.0
orgstore-permissions,Big Data & Observability,HBase & Phoenix,Darryn Dieken,Org Data Store Team,43,43,100.0,4,4,100.0
orgstore-provisioner,Big Data & Observability,HBase & Phoenix,Darryn Dieken,Org Data Store Team,43,43,100.0,4,4,100.0
output-connector,AI Cloud,Agentforce Foundations,Muralidhar Krishnaprasad,Einstein Data Services,24,24,100.0,3,3,100.0
p13n-attribution-engine,D360,D360 Personalization,Muralidhar Krishnaprasad,p13n CDT Hyper,146,0,0.0,5,0,0.0
p13n-decisioning-pipeline,D360,D360 Personalization,Muralidhar Krishnaprasad,MCIS - Gears Framework,38,0,0.0,3,0,0.0
p13n-process-object-service,D360,D360 Personalization,Muralidhar Krishnaprasad,p13n CDT Hyper,38,0,0.0,3,0,0.0
p13n-recommendation-engine,D360,D360 Personalization,Muralidhar Krishnaprasad,P13N - Rex,38,0,0.0,3,0,0.0
patching-bootloader-presigner,HPS,SDB,Paul Constantinides,Hyperforce Governance Configuration and Orchestration,147,147,100.0,8,8,100.0
pbsgeo,Field Service,Field Service Lightning,Meir Amiel,SynergyForce,26,26,100.0,4,4,100.0
pbsmatch,Field Service,Field Service Lightning,Meir Amiel,SynergyForce,25,25,100.0,4,4,100.0
persistence-connector,AI Cloud,Agentforce Foundations,Muralidhar Krishnaprasad,Einstein Data Services,24,24,100.0,3,3,100.0
pkiinfra,HPS,Hyperforce Trust Platform (HTP),Paul Constantinides,PKI - RA,46,0,0.0,2,0,0.0
platform-radio,Platform Services,Identity Services,Muralidhar Krishnaprasad,Platform Radio,24,24,100.0,3,3,100.0
prediction,AI Cloud,Agentforce Foundations,Muralidhar Krishnaprasad,Einstein ML Services,27,27,100.0,3,3,100.0
private-linker-agent,HPS,Hyperforce Trust Platform (HTP),Paul Constantinides,PrivateLinker,3,3,100.0,2,2,100.0
privateconnect-outbound-dp,HPS,Hyperforce Trust Platform (HTP),Paul Constantinides,Salesforce Private Connect,23,0,0.0,2,0,0.0
prom-alert-enrichment-service,HPS,Hyperscale Core CRM,Paul Constantinides,Proactive Monitoring Engineering,2,2,100.0,2,2,100.0
provisioning-service,AI Cloud,Agentforce Foundations,Muralidhar Krishnaprasad,Einstein Data Services,27,27,100.0,3,3,100.0
psp-index-manager,D360,D360 Personalization,Muralidhar Krishnaprasad,P13N - Rex,141,0,0.0,3,0,0.0
pupparazzi,Analytics Cloud,Tableau Unified Analytics,Muralidhar Krishnaprasad,TUA-BU-Collab Slack Experience,25,25,100.0,2,2,100.0
qpid,HPS,HyperForce Runtime Platform,Paul Constantinides,Message Queue,43,43,100.0,5,5,100.0
quantumk,HPS,Hyperforce Trust Platform (HTP),Paul Constantinides,Quantum,26,26,100.0,6,2,33.3
raphty,HPS,Hyperforce Trust Platform (HTP),Paul Constantinides,PKI - Foundations,26,26,100.0,3,1,33.3
rediscluster-manager,HPS,HyperForce Runtime Platform,Paul Constantinides,Caching Services,61,61,100.0,9,9,100.0
registry,Reliable AI-Driven Developer eXperience (RADX),Continuous Provisioning,Darryn Dieken,Terraform Infrastructure Developer Experience (TIDE),26,0,0.0,2,0,0.0
restoreapp,HPS,SDB,Paul Constantinides,Data Protection,3,3,100.0,1,1,100.0
safe-monitor,HPS,Hyperforce Trust Platform (HTP),Paul Constantinides,CipherForce,242,110,45.5,208,66,31.7
sai-gateway,GIA,Secure Stack Engineering,Brad Arkin,Salesforce Asset Inventory,2,2,100.0,2,0,0.0
sam,HPS,HyperForce Runtime Platform,Paul Constantinides,Falcon Kubernetes Platform,743,743,100.0,66,66,100.0
scalecenter,HPS,Hyperscale Core CRM,Paul Constantinides,Scale Center,2,2,100.0,1,1,100.0
scrt1lapp,Service,Digital Engagement,Meir Amiel,SCRT1 DevOps,25,25,100.0,4,4,100.0
scrt1zk,Service,Digital Engagement,Meir Amiel,SCRT1 DevOps,25,25,100.0,4,4,100.0
scrt2-admin,Service,Digital Engagement,Meir Amiel,SCRT Platform,23,23,100.0,4,4,100.0
scrt2-agent,Service,Digital Engagement,Meir Amiel,Conversation Service Integration,23,23,100.0,4,4,100.0
scrt2-chatbot,D360,Copilot + Bots Platform,Muralidhar Krishnaprasad,Chatbot Integrations,23,23,100.0,3,3,100.0
scrt2-commongateway,Service,Digital Engagement,Meir Amiel,Messaging Channels and Features,23,23,100.0,4,4,100.0
scrt2-controlplane,Service,Digital Engagement,Meir Amiel,SCRT Platform,23,23,100.0,4,4,100.0
scrt2-conversation,Service,Digital Engagement,Meir Amiel,Conversation Connect,23,23,100.0,4,4,100.0
scrt2-embeddedservice,Service,Digital Engagement,Meir Amiel,Embedded Service for Web - Platform,23,23,100.0,4,4,100.0
scrt2-eventrouter,Service,Digital Engagement,Meir Amiel,SCRT Platform,23,23,100.0,4,4,100.0
scrt2-iaalert,Service,Digital Engagement,Meir Amiel,In-App Messaging Mobile,23,23,100.0,4,4,100.0
scrt2-iamessage,Service,Digital Engagement,Meir Amiel,Embedded Service for Web - Platform,23,23,100.0,4,4,100.0
scrt2-livemessage,Service,Digital Engagement,Meir Amiel,Messaging Channels and Features,23,23,100.0,4,4,100.0
scrt2-messagingchannels,Service,Digital Engagement,Meir Amiel,Messaging Channels and Features,23,23,100.0,4,4,100.0
scrt2-mpadmin,Service,Digital Engagement,Meir Amiel,Messaging Channels and Features,23,23,100.0,4,4,100.0
scrt2-persist,Service,Digital Engagement,Meir Amiel,SCRT Platform,23,23,100.0,4,4,100.0
scrt2-routing,Service,Digital Engagement,Meir Amiel,Omni-Channel,23,23,100.0,4,4,100.0
scrt2-singleton,Service,Digital Engagement,Meir Amiel,SCRT Platform,23,23,100.0,4,4,100.0
scrt2-telephony,Service,Service Cloud Voice,Meir Amiel,Voice Platform,23,23,100.0,4,4,100.0
scrt2-transcripts,Service,Digital Engagement,Meir Amiel,Conversation Intelligence,23,23,100.0,4,4,100.0
sdb,HPS,SDB,Paul Constantinides,SDB DB Management,160,160,100.0,14,14,100.0
sdb-dbaas-broker,HPS,SDB,Paul Constantinides,HASE,27,27,100.0,4,4,100.0
sdb-file-notification,HPS,SDB,Paul Constantinides,SDB Analytics,2,2,100.0,1,1,100.0
sdb-healthreports,HPS,SDB,Paul Constantinides,SDB Analytics,2,2,100.0,2,2,100.0
sdb-lens,HPS,SDB,Paul Constantinides,CRM Database Sustaining Engineering,2,2,100.0,2,2,100.0
sdb-trace-analytics,HPS,SDB,Paul Constantinides,SDB Analytics,2,2,100.0,2,2,100.0
sdbarchivalworker,HPS,SDB,Paul Constantinides,SDB Archival,156,156,100.0,14,14,100.0
sdbcloudstore,HPS,SDB,Paul Constantinides,SDB Store / Zk Management,153,153,100.0,13,13,100.0
sdbselfhealing,HPS,SDB,Paul Constantinides,SDB DB Management,160,160,100.0,14,14,100.0
sdbstore,HPS,SDB,Paul Constantinides,SDB Store / Zk Management,161,161,100.0,14,14,100.0
sdbzk,HPS,SDB,Paul Constantinides,SDB Store / Zk Management,161,161,100.0,14,14,100.0
seas-control-plane,Search,Search,Muralidhar Krishnaprasad,Search Splat,23,23,100.0,4,4,100.0
seas-query-service,Search,Search,Muralidhar Krishnaprasad,Search Splat,23,23,100.0,4,4,100.0
seas-solr,Search,Search,Muralidhar Krishnaprasad,Search Solr Kiki,23,23,100.0,4,4,100.0
seas-zk,Search,Search,Muralidhar Krishnaprasad,Search Solr Kiki,23,23,100.0,4,4,100.0
segint-sigma,Marketing,MC Intelligence Cloud,Meir Amiel,Segment Intelligence,25,25,100.0,2,2,100.0
segint-sigma-control-pod,Marketing,MC Intelligence Cloud,Meir Amiel,Segment Intelligence,24,24,100.0,2,2,100.0
semantic-analytics-agent,Analytics Cloud,Tableau Unified Analytics,Muralidhar Krishnaprasad,Semantic Analytics Agent,38,38,100.0,3,3,100.0
semantic-engine-gateway,Analytics Cloud,Tableau Unified Analytics,Muralidhar Krishnaprasad,Semantic - SQLGenerator,38,38,100.0,3,3,100.0
semantic-query-manager,Analytics Cloud,Tableau Unified Analytics,Muralidhar Krishnaprasad,Semantic - SQLGenerator,37,37,100.0,1,1,100.0
semantic-query-preparer,Analytics Cloud,Tableau Unified Analytics,Muralidhar Krishnaprasad,Semantic - SQLGenerator,38,38,100.0,3,3,100.0
sequencer,HPS,Hyperscale Core CRM,Paul Constantinides,Core on SAM,41,41,100.0,4,4,100.0
sfdw-entitlement-usage-service,Platform Services,GTM Automation,Muralidhar Krishnaprasad,Digital Wallet Tracking and Calculations,123,0,0.0,5,0,0.0
sfs-eso-data-fetch,Field Service,Field Service Lightning,Meir Amiel,FSL - Resource - Scheduling Platform,5,5,100.0,4,4,100.0
sfs-eso-data-translate,Field Service,Field Service Lightning,Meir Amiel,FSL - Resource - Scheduling Platform,5,5,100.0,4,4,100.0
sfs-eso-data-update,Field Service,Field Service Lightning,Meir Amiel,FSL - Resource - Scheduling Platform,5,5,100.0,4,4,100.0
sfs-eso-orchestrator,Field Service,Field Service Lightning,Meir Amiel,FSL - Resource - Scheduling Platform,5,5,100.0,4,4,100.0
skb-engine,Platform Services,Trusted Services,Muralidhar Krishnaprasad,Shield Key Broker,22,22,100.0,4,4,100.0
skywalker,HPS,Hyperforce Trust Platform (HTP),Paul Constantinides,NetSec - Falcon Platform Services (FPS),26,26,100.0,2,2,100.0
skywalker-reporter,HPS,Hyperforce Trust Platform (HTP),Paul Constantinides,NetSec - Falcon Platform Services (FPS),3,3,100.0,1,1,100.0
smsapi,HPS,Hyperforce Trust Platform (HTP),Paul Constantinides,KMS Platform,26,26,100.0,2,2,100.0
smscanary,HPS,Hyperforce Trust Platform (HTP),Paul Constantinides,KMS Platform,26,26,100.0,2,2,100.0
smszk,HPS,Hyperforce Trust Platform (HTP),Paul Constantinides,KMS Platform,26,26,100.0,2,2,100.0
splunkmadeira,Big Data & Observability,Monitoring Cloud,Darryn Dieken,Log Analytics Scrum Team,8,0,0.0,2,0,0.0
spo,GIA,Secure Stack Engineering,Brad Arkin,SysSec Container Security,1,1,100.0,66,66,100.0
temporalfrontend,Infrastructure Lifecycle Mgmt (ILM),SCALE - SF Change and Infrastructure Lifecycle Eng.,Darryn Dieken,OrcaaS - Orchestration-as-a-Service,67,67,100.0,5,5,100.0
temporalhistory,Infrastructure Lifecycle Mgmt (ILM),SCALE - SF Change and Infrastructure Lifecycle Eng.,Darryn Dieken,OrcaaS - Orchestration-as-a-Service,67,67,100.0,5,5,100.0
temporalmatching,Infrastructure Lifecycle Mgmt (ILM),SCALE - SF Change and Infrastructure Lifecycle Eng.,Darryn Dieken,OrcaaS - Orchestration-as-a-Service,67,67,100.0,5,5,100.0
temporalui,Infrastructure Lifecycle Mgmt (ILM),SCALE - SF Change and Infrastructure Lifecycle Eng.,Darryn Dieken,OrcaaS - Orchestration-as-a-Service,67,67,100.0,5,5,100.0
temporalworker,Infrastructure Lifecycle Mgmt (ILM),SCALE - SF Change and Infrastructure Lifecycle Eng.,Darryn Dieken,OrcaaS - Orchestration-as-a-Service,67,67,100.0,5,5,100.0
tentacle,GIA,Secure Stack Engineering,Brad Arkin,Cloud Security Posture Management (CSPM),26,26,100.0,2,0,0.0
terraform,Reliable AI-Driven Developer eXperience (RADX),Continuous Provisioning,Darryn Dieken,Terraform Infrastructure Developer Experience (TIDE),26,0,0.0,2,0,0.0
traffic-policy-operator,HPS,HyperForce Runtime Platform,Paul Constantinides,Mesh API Runtime,224,224,100.0,15,15,100.0
trino-gateway,Unified Intelligence Platform,Salesforce Presto,Darryn Dieken,Interactive Analytics,23,23,100.0,2,2,100.0
triton,AI Cloud,Agentforce Foundations,Muralidhar Krishnaprasad,BYOM Services & Model Optimizations,27,27,100.0,3,3,100.0
tua-dqa-service,Analytics Cloud,Tableau Unified Analytics,Muralidhar Krishnaprasad,TUA-Analytics Agent,38,38,100.0,3,3,100.0
tua-insights-service,Analytics Cloud,Tableau Unified Analytics,Muralidhar Krishnaprasad,TUA-PLS-Insights,37,37,100.0,3,3,100.0
tua-timeseries-service,Analytics Cloud,Tableau Unified Analytics,Muralidhar Krishnaprasad,TUA-PLS-Insights,37,37,100.0,3,3,100.0
tvm-db-automation,GIA,Secure Stack Engineering,Brad Arkin,TIP Security Data Fabric - VDP,4,2,50.0,2,0,0.0
uap-heartbeat-service,Platform Services,Integration and Events,Muralidhar Krishnaprasad,Unified API Platform,76,76,100.0,14,14,100.0
ump-controller,Reliable AI-Driven Developer eXperience (RADX),Developer Productivity Experience,Darryn Dieken,Falcon Unified Notifications,29,0,0.0,2,0,0.0
ums-config-api,Marketing Tech Cloud,In Market Messaging Services,Meir Amiel,UNIFIED MAIL SERVICE,29,29,100.0,3,3,100.0
ums-config-manager,Marketing Tech Cloud,In Market Messaging Services,Meir Amiel,UNIFIED MAIL SERVICE,29,29,100.0,3,3,100.0
ums-deliverability-service,Marketing Tech Cloud,In Market Messaging Services,Meir Amiel,UNIFIED MAIL SERVICE,29,29,100.0,3,3,100.0
ums-dns-api,Marketing Tech Cloud,In Market Messaging Services,Meir Amiel,UNIFIED MAIL SERVICE,29,29,100.0,3,3,100.0
ums-event-service,Marketing Tech Cloud,In Market Messaging Services,Meir Amiel,UNIFIED MAIL SERVICE,29,29,100.0,3,3,100.0
ums-grpc-api,Marketing Tech Cloud,In Market Messaging Services,Meir Amiel,UNIFIED MAIL SERVICE,29,29,100.0,3,3,100.0
ums-http-blackhole,Marketing Tech Cloud,In Market Messaging Services,Meir Amiel,UNIFIED MAIL SERVICE,29,29,100.0,3,3,100.0
ums-mail-processor,Marketing Tech Cloud,In Market Messaging Services,Meir Amiel,UNIFIED MAIL SERVICE,29,29,100.0,3,3,100.0
ums-mta-inbound,Marketing Tech Cloud,In Market Messaging Services,Meir Amiel,UNIFIED MAIL SERVICE,29,29,100.0,3,3,100.0
ums-mta-outbound,Marketing Tech Cloud,In Market Messaging Services,Meir Amiel,UNIFIED MAIL SERVICE,29,29,100.0,3,3,100.0
ums-smtp-blackhole,Marketing Tech Cloud,In Market Messaging Services,Meir Amiel,UNIFIED MAIL SERVICE,29,29,100.0,3,3,100.0
ums-tenant-api,Marketing Tech Cloud,In Market Messaging Services,Meir Amiel,UNIFIED MAIL SERVICE,29,29,100.0,3,3,100.0
vault-canary,HPS,Hyperforce Trust Platform (HTP),Paul Constantinides,Secrets Management,59,26,44.1,1,0,0.0
vaultlite,AI Cloud,Agentforce Foundations,Muralidhar Krishnaprasad,Einstein Infra US,25,25,100.0,3,3,100.0
vegacache,HPS,HyperForce Runtime Platform,Paul Constantinides,Caching Services,59,59,100.0,9,9,100.0
wc-adapter,Field Service,Field Service Edge,Meir Amiel,CRE Field Service DevOps,6,6,100.0,4,4,100.0
wc-processor,Field Service,Field Service Edge,Meir Amiel,CRE Field Service DevOps,6,6,100.0,4,4,100.0
zero-object-service,Service,Service Cloud,Meir Amiel,Salesforce Zero Data,86,86,100.0,7,7,100.0
